PRAGMA foreign_keys=OFF;
BEGIN TRANSACTION;
CREATE TABLE IF NOT EXISTS "django_migrations" ("id" integer NOT NULL PRIMARY KEY AUTOINCREMENT, "app" varchar(255) NOT NULL, "name" varchar(255) NOT NULL, "applied" datetime NOT NULL);
INSERT INTO django_migrations VALUES(1,'contenttypes','0001_initial','2024-02-28 00:18:59.945981');
INSERT INTO django_migrations VALUES(2,'contenttypes','0002_remove_content_type_name','2024-02-28 00:18:59.954981');
INSERT INTO django_migrations VALUES(3,'auth','0001_initial','2024-02-28 00:18:59.969386');
INSERT INTO django_migrations VALUES(4,'auth','0002_alter_permission_name_max_length','2024-02-28 00:18:59.978385');
INSERT INTO django_migrations VALUES(5,'auth','0003_alter_user_email_max_length','2024-02-28 00:18:59.984386');
INSERT INTO django_migrations VALUES(6,'auth','0004_alter_user_username_opts','2024-02-28 00:18:59.991389');
INSERT INTO django_migrations VALUES(7,'auth','0005_alter_user_last_login_null','2024-02-28 00:18:59.999384');
INSERT INTO django_migrations VALUES(8,'auth','0006_require_contenttypes_0002','2024-02-28 00:19:00.004385');
INSERT INTO django_migrations VALUES(9,'auth','0007_alter_validators_add_error_messages','2024-02-28 00:19:00.011385');
INSERT INTO django_migrations VALUES(10,'auth','0008_alter_user_username_max_length','2024-02-28 00:19:00.021389');
INSERT INTO django_migrations VALUES(11,'auth','0009_alter_user_last_name_max_length','2024-02-28 00:19:00.028385');
INSERT INTO django_migrations VALUES(12,'auth','0010_alter_group_name_max_length','2024-02-28 00:19:00.039384');
INSERT INTO django_migrations VALUES(13,'auth','0011_update_proxy_permissions','2024-02-28 00:19:00.046384');
INSERT INTO django_migrations VALUES(14,'auth','0012_alter_user_first_name_max_length','2024-02-28 00:19:00.053385');
INSERT INTO django_migrations VALUES(15,'Global','0001_initial','2024-02-28 00:19:00.101387');
INSERT INTO django_migrations VALUES(16,'Cliente','0001_initial','2024-02-28 00:19:06.876286');
INSERT INTO django_migrations VALUES(17,'admin','0001_initial','2024-02-28 00:19:30.487764');
INSERT INTO django_migrations VALUES(18,'admin','0002_logentry_remove_auto_add','2024-02-28 00:19:30.500764');
INSERT INTO django_migrations VALUES(19,'admin','0003_logentry_add_action_flag_choices','2024-02-28 00:19:30.510762');
INSERT INTO django_migrations VALUES(20,'sessions','0001_initial','2024-02-28 00:19:30.521092');
INSERT INTO django_migrations VALUES(21,'Global','0002_order_validado_alter_usuario_provincia','2024-03-01 19:13:48.978501');
INSERT INTO django_migrations VALUES(22,'Global','0003_product_cantidad_alter_product_juego','2024-03-01 20:17:45.716770');
INSERT INTO django_migrations VALUES(23,'Global','0004_product_fecha_sorteo_alter_product_juego','2024-03-07 16:29:18.416789');
INSERT INTO django_migrations VALUES(24,'Global','0005_sliderimage_lotteryadministration_slider','2024-03-07 18:27:48.690727');
INSERT INTO django_migrations VALUES(25,'Global','0006_remove_lotteryadministration_slider_and_more','2024-03-07 18:35:37.754213');
INSERT INTO django_migrations VALUES(26,'Global','0007_lotteryadministration_id_and_more','2024-03-07 19:28:05.085693');
INSERT INTO django_migrations VALUES(27,'Global','0008_remove_lotteryadministration_id_and_more','2024-03-07 19:29:44.185925');
INSERT INTO django_migrations VALUES(28,'Global','0009_contactous','2024-03-07 20:23:16.234737');
INSERT INTO django_migrations VALUES(29,'cookie_consent','0001_initial','2024-03-07 23:28:24.341201');
INSERT INTO django_migrations VALUES(30,'cookie_consent','0002_auto__add_logitem','2024-03-07 23:28:24.350984');
INSERT INTO django_migrations VALUES(31,'Global','0010_usuario_starter','2024-04-12 13:13:27.463989');
INSERT INTO django_migrations VALUES(32,'Global','0011_alter_lotteryadministration_logo','2024-04-13 11:59:14.978874');
INSERT INTO django_migrations VALUES(33,'Global','0012_lotteryadministration_color_footer_and_more','2024-04-13 12:05:42.844586');
INSERT INTO django_migrations VALUES(34,'Global','0013_lotteryadministration_politicas_cookies_title_and_more','2024-04-15 19:18:50.273669');
INSERT INTO django_migrations VALUES(35,'Global','0014_order_fechacreacion','2024-04-18 12:13:06.402142');
INSERT INTO django_migrations VALUES(36,'Global','0015_order_administracion','2024-04-18 12:31:26.755101');
INSERT INTO django_migrations VALUES(37,'Global','0016_usuario_date_joined','2024-04-18 13:14:06.559311');
INSERT INTO django_migrations VALUES(38,'Global','0017_usuario_paypalmail_alter_usuario_date_joined','2024-04-18 23:12:21.536651');
INSERT INTO django_migrations VALUES(39,'Global','0018_alter_usuario_paypalmail','2024-04-19 00:31:25.292583');
INSERT INTO django_migrations VALUES(40,'Global','0019_cart','2024-04-19 14:44:35.830556');
INSERT INTO django_migrations VALUES(41,'Global','0020_remove_cart_cantidad_remove_cart_categoria','2024-04-19 15:01:45.385130');
INSERT INTO django_migrations VALUES(42,'Global','0021_redsocial','2024-04-21 23:03:53.101149');
INSERT INTO django_migrations VALUES(43,'Global','0022_product_codigovalidez','2024-04-22 04:08:08.595332');
CREATE TABLE IF NOT EXISTS "django_content_type" ("id" integer NOT NULL PRIMARY KEY AUTOINCREMENT, "app_label" varchar(100) NOT NULL, "model" varchar(100) NOT NULL);
INSERT INTO django_content_type VALUES(1,'Cliente','usuarionormal');
INSERT INTO django_content_type VALUES(2,'Global','category');
INSERT INTO django_content_type VALUES(3,'Global','usuario');
INSERT INTO django_content_type VALUES(4,'Global','pack');
INSERT INTO django_content_type VALUES(5,'Global','product');
INSERT INTO django_content_type VALUES(6,'Global','usuarioadminstracion');
INSERT INTO django_content_type VALUES(7,'Global','order');
INSERT INTO django_content_type VALUES(8,'Global','lotteryadministration');
INSERT INTO django_content_type VALUES(9,'auth','permission');
INSERT INTO django_content_type VALUES(10,'auth','group');
INSERT INTO django_content_type VALUES(11,'contenttypes','contenttype');
INSERT INTO django_content_type VALUES(12,'admin','logentry');
INSERT INTO django_content_type VALUES(13,'sessions','session');
INSERT INTO django_content_type VALUES(14,'Global','sliderimage');
INSERT INTO django_content_type VALUES(15,'Global','contactous');
INSERT INTO django_content_type VALUES(16,'cookie_consent','cookiegroup');
INSERT INTO django_content_type VALUES(17,'cookie_consent','logitem');
INSERT INTO django_content_type VALUES(18,'cookie_consent','cookie');
INSERT INTO django_content_type VALUES(19,'Global','cart');
INSERT INTO django_content_type VALUES(20,'Global','redsocial');
CREATE TABLE IF NOT EXISTS "auth_group_permissions" ("id" integer NOT NULL PRIMARY KEY AUTOINCREMENT, "group_id" integer NOT NULL REFERENCES "auth_group" ("id") DEFERRABLE INITIALLY DEFERRED, "permission_id" integer NOT NULL REFERENCES "auth_permission" ("id") DEFERRABLE INITIALLY DEFERRED);
CREATE TABLE IF NOT EXISTS "auth_permission" ("id" integer NOT NULL PRIMARY KEY AUTOINCREMENT, "content_type_id" integer NOT NULL REFERENCES "django_content_type" ("id") DEFERRABLE INITIALLY DEFERRED, "codename" varchar(100) NOT NULL, "name" varchar(255) NOT NULL);
INSERT INTO auth_permission VALUES(1,1,'add_usuarionormal','Can add Usuario (cliente)');
INSERT INTO auth_permission VALUES(2,1,'change_usuarionormal','Can change Usuario (cliente)');
INSERT INTO auth_permission VALUES(3,1,'delete_usuarionormal','Can delete Usuario (cliente)');
INSERT INTO auth_permission VALUES(4,1,'view_usuarionormal','Can view Usuario (cliente)');
INSERT INTO auth_permission VALUES(5,2,'add_category','Can add categoria');
INSERT INTO auth_permission VALUES(6,2,'change_category','Can change categoria');
INSERT INTO auth_permission VALUES(7,2,'delete_category','Can delete categoria');
INSERT INTO auth_permission VALUES(8,2,'view_category','Can view categoria');
INSERT INTO auth_permission VALUES(9,3,'add_usuario','Can add usuario');
INSERT INTO auth_permission VALUES(10,3,'change_usuario','Can change usuario');
INSERT INTO auth_permission VALUES(11,3,'delete_usuario','Can delete usuario');
INSERT INTO auth_permission VALUES(12,3,'view_usuario','Can view usuario');
INSERT INTO auth_permission VALUES(13,4,'add_pack','Can add pack');
INSERT INTO auth_permission VALUES(14,4,'change_pack','Can change pack');
INSERT INTO auth_permission VALUES(15,4,'delete_pack','Can delete pack');
INSERT INTO auth_permission VALUES(16,4,'view_pack','Can view pack');
INSERT INTO auth_permission VALUES(17,5,'add_product','Can add product');
INSERT INTO auth_permission VALUES(18,5,'change_product','Can change product');
INSERT INTO auth_permission VALUES(19,5,'delete_product','Can delete product');
INSERT INTO auth_permission VALUES(20,5,'view_product','Can view product');
INSERT INTO auth_permission VALUES(21,6,'add_usuarioadminstracion','Can add Administración');
INSERT INTO auth_permission VALUES(22,6,'change_usuarioadminstracion','Can change Administración');
INSERT INTO auth_permission VALUES(23,6,'delete_usuarioadminstracion','Can delete Administración');
INSERT INTO auth_permission VALUES(24,6,'view_usuarioadminstracion','Can view Administración');
INSERT INTO auth_permission VALUES(25,7,'add_order','Can add order');
INSERT INTO auth_permission VALUES(26,7,'change_order','Can change order');
INSERT INTO auth_permission VALUES(27,7,'delete_order','Can delete order');
INSERT INTO auth_permission VALUES(28,7,'view_order','Can view order');
INSERT INTO auth_permission VALUES(29,8,'add_lotteryadministration','Can add lottery administration');
INSERT INTO auth_permission VALUES(30,8,'change_lotteryadministration','Can change lottery administration');
INSERT INTO auth_permission VALUES(31,8,'delete_lotteryadministration','Can delete lottery administration');
INSERT INTO auth_permission VALUES(32,8,'view_lotteryadministration','Can view lottery administration');
INSERT INTO auth_permission VALUES(33,9,'add_permission','Can add permission');
INSERT INTO auth_permission VALUES(34,9,'change_permission','Can change permission');
INSERT INTO auth_permission VALUES(35,9,'delete_permission','Can delete permission');
INSERT INTO auth_permission VALUES(36,9,'view_permission','Can view permission');
INSERT INTO auth_permission VALUES(37,10,'add_group','Can add group');
INSERT INTO auth_permission VALUES(38,10,'change_group','Can change group');
INSERT INTO auth_permission VALUES(39,10,'delete_group','Can delete group');
INSERT INTO auth_permission VALUES(40,10,'view_group','Can view group');
INSERT INTO auth_permission VALUES(41,11,'add_contenttype','Can add content type');
INSERT INTO auth_permission VALUES(42,11,'change_contenttype','Can change content type');
INSERT INTO auth_permission VALUES(43,11,'delete_contenttype','Can delete content type');
INSERT INTO auth_permission VALUES(44,11,'view_contenttype','Can view content type');
INSERT INTO auth_permission VALUES(45,12,'add_logentry','Can add log entry');
INSERT INTO auth_permission VALUES(46,12,'change_logentry','Can change log entry');
INSERT INTO auth_permission VALUES(47,12,'delete_logentry','Can delete log entry');
INSERT INTO auth_permission VALUES(48,12,'view_logentry','Can view log entry');
INSERT INTO auth_permission VALUES(49,13,'add_session','Can add session');
INSERT INTO auth_permission VALUES(50,13,'change_session','Can change session');
INSERT INTO auth_permission VALUES(51,13,'delete_session','Can delete session');
INSERT INTO auth_permission VALUES(52,13,'view_session','Can view session');
INSERT INTO auth_permission VALUES(53,14,'add_sliderimage','Can add slider image');
INSERT INTO auth_permission VALUES(54,14,'change_sliderimage','Can change slider image');
INSERT INTO auth_permission VALUES(55,14,'delete_sliderimage','Can delete slider image');
INSERT INTO auth_permission VALUES(56,14,'view_sliderimage','Can view slider image');
INSERT INTO auth_permission VALUES(57,15,'add_contactous','Can add contacto us');
INSERT INTO auth_permission VALUES(58,15,'change_contactous','Can change contacto us');
INSERT INTO auth_permission VALUES(59,15,'delete_contactous','Can delete contacto us');
INSERT INTO auth_permission VALUES(60,15,'view_contactous','Can view contacto us');
INSERT INTO auth_permission VALUES(61,16,'add_cookiegroup','Can add Cookie Group');
INSERT INTO auth_permission VALUES(62,16,'change_cookiegroup','Can change Cookie Group');
INSERT INTO auth_permission VALUES(63,16,'delete_cookiegroup','Can delete Cookie Group');
INSERT INTO auth_permission VALUES(64,16,'view_cookiegroup','Can view Cookie Group');
INSERT INTO auth_permission VALUES(65,17,'add_logitem','Can add Log item');
INSERT INTO auth_permission VALUES(66,17,'change_logitem','Can change Log item');
INSERT INTO auth_permission VALUES(67,17,'delete_logitem','Can delete Log item');
INSERT INTO auth_permission VALUES(68,17,'view_logitem','Can view Log item');
INSERT INTO auth_permission VALUES(69,18,'add_cookie','Can add Cookie');
INSERT INTO auth_permission VALUES(70,18,'change_cookie','Can change Cookie');
INSERT INTO auth_permission VALUES(71,18,'delete_cookie','Can delete Cookie');
INSERT INTO auth_permission VALUES(72,18,'view_cookie','Can view Cookie');
INSERT INTO auth_permission VALUES(73,19,'add_cart','Can add cart');
INSERT INTO auth_permission VALUES(74,19,'change_cart','Can change cart');
INSERT INTO auth_permission VALUES(75,19,'delete_cart','Can delete cart');
INSERT INTO auth_permission VALUES(76,19,'view_cart','Can view cart');
INSERT INTO auth_permission VALUES(77,20,'add_redsocial','Can add red social');
INSERT INTO auth_permission VALUES(78,20,'change_redsocial','Can change red social');
INSERT INTO auth_permission VALUES(79,20,'delete_redsocial','Can delete red social');
INSERT INTO auth_permission VALUES(80,20,'view_redsocial','Can view red social');
CREATE TABLE IF NOT EXISTS "auth_group" ("id" integer NOT NULL PRIMARY KEY AUTOINCREMENT, "name" varchar(150) NOT NULL UNIQUE);
CREATE TABLE IF NOT EXISTS "Global_category" ("id" integer NOT NULL PRIMARY KEY AUTOINCREMENT, "nombre" varchar(200) NOT NULL, "slug" varchar(200) NOT NULL UNIQUE);
INSERT INTO Global_category VALUES(1,'Eurodreams','eurodreams');
INSERT INTO Global_category VALUES(2,'Primitiva','primitiva');
INSERT INTO Global_category VALUES(3,'El Gordo','elgordo');
INSERT INTO Global_category VALUES(4,'Bonoloto','bonoloto');
INSERT INTO Global_category VALUES(5,'Euromillones','euromillones');
INSERT INTO Global_category VALUES(6,'Quiniela','quiniela');
INSERT INTO Global_category VALUES(7,'Quinigol','quinigol');
INSERT INTO Global_category VALUES(8,'Loteria Nacional','loteria_nacional');
INSERT INTO Global_category VALUES(9,'niño','nino');
INSERT INTO Global_category VALUES(10,'Navidad','navidad');
INSERT INTO Global_category VALUES(11,'Lotería Nacional (J)','LNJ');
INSERT INTO Global_category VALUES(12,'Lotería Nacional (S)','LNS');
CREATE TABLE IF NOT EXISTS "Global_usuario_groups" ("id" integer NOT NULL PRIMARY KEY AUTOINCREMENT, "usuario_id" bigint NOT NULL REFERENCES "Global_usuario" ("id") DEFERRABLE INITIALLY DEFERRED, "group_id" integer NOT NULL REFERENCES "auth_group" ("id") DEFERRABLE INITIALLY DEFERRED);
CREATE TABLE IF NOT EXISTS "Global_usuario_user_permissions" ("id" integer NOT NULL PRIMARY KEY AUTOINCREMENT, "usuario_id" bigint NOT NULL REFERENCES "Global_usuario" ("id") DEFERRABLE INITIALLY DEFERRED, "permission_id" integer NOT NULL REFERENCES "auth_permission" ("id") DEFERRABLE INITIALLY DEFERRED);
CREATE TABLE IF NOT EXISTS "Global_pack" ("id" integer NOT NULL PRIMARY KEY AUTOINCREMENT, "nombre" varchar(200) NOT NULL, "slug" varchar(200) NOT NULL, "imagen" varchar(100) NOT NULL, "descripcion" text NOT NULL, "descripcion_larga" text NOT NULL, "precio" decimal NOT NULL, "disponibilidad" bool NOT NULL, "creado" datetime NOT NULL, "actualizado" datetime NOT NULL);
INSERT INTO Global_pack VALUES(1,'PK-1','PK-1','productos/2024/02/29/cabeceraheader.png','pack mensual para usar la web','pack mensual para usar la web',100,1,'2024-02-29 11:19:53.392161','2024-04-18 12:30:11.493421');
CREATE TABLE IF NOT EXISTS "Global_usuarioadminstracion" ("user_id" bigint NOT NULL PRIMARY KEY REFERENCES "Global_usuario" ("id") DEFERRABLE INITIALLY DEFERRED, "nombre_administracion" varchar(400) NOT NULL UNIQUE, "cif" varchar(9) NOT NULL UNIQUE, "pack_id" bigint NULL REFERENCES "Global_pack" ("id") DEFERRABLE INITIALLY DEFERRED);
INSERT INTO Global_usuarioadminstracion VALUES(2,'loteriasperolo','987654321',NULL);
INSERT INTO Global_usuarioadminstracion VALUES(4,'admsam','589458753',NULL);
INSERT INTO Global_usuarioadminstracion VALUES(6,'sam12','789978978',NULL);
CREATE TABLE IF NOT EXISTS "Global_order_productos" ("id" integer NOT NULL PRIMARY KEY AUTOINCREMENT, "order_id" bigint NOT NULL REFERENCES "Global_order" ("id") DEFERRABLE INITIALLY DEFERRED, "product_id" bigint NOT NULL REFERENCES "Global_product" ("id") DEFERRABLE INITIALLY DEFERRED);
INSERT INTO Global_order_productos VALUES(54,19,154);
INSERT INTO Global_order_productos VALUES(55,19,155);
INSERT INTO Global_order_productos VALUES(56,19,156);
INSERT INTO Global_order_productos VALUES(57,19,157);
INSERT INTO Global_order_productos VALUES(58,19,158);
INSERT INTO Global_order_productos VALUES(59,19,159);
INSERT INTO Global_order_productos VALUES(60,19,160);
INSERT INTO Global_order_productos VALUES(61,20,200);
INSERT INTO Global_order_productos VALUES(62,21,201);
INSERT INTO Global_order_productos VALUES(63,21,202);
INSERT INTO Global_order_productos VALUES(64,22,203);
INSERT INTO Global_order_productos VALUES(65,22,204);
INSERT INTO Global_order_productos VALUES(66,22,205);
INSERT INTO Global_order_productos VALUES(67,22,206);
INSERT INTO Global_order_productos VALUES(68,22,207);
INSERT INTO Global_order_productos VALUES(69,22,208);
INSERT INTO Global_order_productos VALUES(70,22,209);
INSERT INTO Global_order_productos VALUES(71,22,210);
INSERT INTO Global_order_productos VALUES(72,22,211);
INSERT INTO Global_order_productos VALUES(73,22,212);
INSERT INTO Global_order_productos VALUES(74,23,213);
INSERT INTO Global_order_productos VALUES(75,24,214);
INSERT INTO Global_order_productos VALUES(76,24,215);
INSERT INTO Global_order_productos VALUES(77,24,216);
CREATE TABLE IF NOT EXISTS "Cliente_usuarionormal" ("user_id" bigint NOT NULL PRIMARY KEY REFERENCES "Global_usuario" ("id") DEFERRABLE INITIALLY DEFERRED, "nombreCompleto" varchar(50) NOT NULL, "administracion_id" bigint NULL REFERENCES "Global_usuarioadminstracion" ("user_id") DEFERRABLE INITIALLY DEFERRED);
INSERT INTO Cliente_usuarionormal VALUES(3,'',2);
INSERT INTO Cliente_usuarionormal VALUES(5,'',4);
CREATE TABLE IF NOT EXISTS "django_admin_log" ("id" integer NOT NULL PRIMARY KEY AUTOINCREMENT, "object_id" text NULL, "object_repr" varchar(200) NOT NULL, "action_flag" smallint unsigned NOT NULL CHECK ("action_flag" >= 0), "change_message" text NOT NULL, "content_type_id" integer NULL REFERENCES "django_content_type" ("id") DEFERRABLE INITIALLY DEFERRED, "user_id" bigint NOT NULL REFERENCES "Global_usuario" ("id") DEFERRABLE INITIALLY DEFERRED, "action_time" datetime NOT NULL);
INSERT INTO django_admin_log VALUES(1,'1','Eurodreams',1,'[{"added": {}}]',2,1,'2024-02-28 00:38:54.357312');
INSERT INTO django_admin_log VALUES(2,'2','Eurodreams',3,'',5,1,'2024-02-28 01:06:27.650741');
INSERT INTO django_admin_log VALUES(3,'1','Eurodreams',3,'',5,1,'2024-02-28 01:06:50.082951');
INSERT INTO django_admin_log VALUES(4,'4','Eurodreams',3,'',5,1,'2024-02-28 01:40:31.387768');
INSERT INTO django_admin_log VALUES(5,'3','Eurodreams',3,'',5,1,'2024-02-28 01:40:31.396265');
INSERT INTO django_admin_log VALUES(6,'6','Eurodreams',3,'',5,1,'2024-02-28 01:57:00.714786');
INSERT INTO django_admin_log VALUES(7,'10','Eurodreams',3,'',5,1,'2024-02-28 02:22:42.327449');
INSERT INTO django_admin_log VALUES(8,'2','Primitiva',1,'[{"added": {}}]',2,1,'2024-02-28 03:09:46.726505');
INSERT INTO django_admin_log VALUES(9,'3','El Gordo',1,'[{"added": {}}]',2,1,'2024-02-28 03:10:15.630769');
INSERT INTO django_admin_log VALUES(10,'16','eurodreams',3,'',5,1,'2024-02-28 03:12:30.009759');
INSERT INTO django_admin_log VALUES(11,'14','primitiva',3,'',5,1,'2024-02-28 03:12:30.020525');
INSERT INTO django_admin_log VALUES(12,'13','primitiva',3,'',5,1,'2024-02-28 03:12:30.024525');
INSERT INTO django_admin_log VALUES(13,'18','elgordo',3,'',5,1,'2024-02-28 03:14:38.313338');
INSERT INTO django_admin_log VALUES(14,'17','elgordo',3,'',5,1,'2024-02-28 03:14:38.318370');
INSERT INTO django_admin_log VALUES(15,'4','Bonoloto',1,'[{"added": {}}]',2,1,'2024-02-28 03:24:59.799037');
INSERT INTO django_admin_log VALUES(16,'5','Euromillones',1,'[{"added": {}}]',2,1,'2024-02-28 03:33:14.300198');
INSERT INTO django_admin_log VALUES(17,'6','Quiniela',1,'[{"added": {}}]',2,1,'2024-02-28 03:53:25.353460');
INSERT INTO django_admin_log VALUES(18,'19','bonoloto',3,'',5,1,'2024-02-28 04:17:28.428615');
INSERT INTO django_admin_log VALUES(19,'21','euromillones',3,'',5,1,'2024-02-28 04:17:28.438130');
INSERT INTO django_admin_log VALUES(20,'20','euromillones',3,'',5,1,'2024-02-28 04:17:28.443402');
INSERT INTO django_admin_log VALUES(21,'28','quiniela',3,'',5,1,'2024-02-28 04:17:28.447401');
INSERT INTO django_admin_log VALUES(22,'27','quiniela',3,'',5,1,'2024-02-28 04:17:28.451402');
INSERT INTO django_admin_log VALUES(23,'26','quiniela',3,'',5,1,'2024-02-28 04:17:28.455402');
INSERT INTO django_admin_log VALUES(24,'25','quiniela',3,'',5,1,'2024-02-28 04:17:28.459401');
INSERT INTO django_admin_log VALUES(25,'24','quiniela',3,'',5,1,'2024-02-28 04:17:28.463575');
INSERT INTO django_admin_log VALUES(26,'23','quiniela',3,'',5,1,'2024-02-28 04:17:28.467215');
INSERT INTO django_admin_log VALUES(27,'22','quiniela',3,'',5,1,'2024-02-28 04:17:28.471216');
INSERT INTO django_admin_log VALUES(28,'7','Quinigol',1,'[{"added": {}}]',2,1,'2024-02-28 04:18:14.480016');
INSERT INTO django_admin_log VALUES(29,'1','PK-mensual-1',1,'[{"added": {}}]',4,1,'2024-02-29 11:19:53.393161');
INSERT INTO django_admin_log VALUES(30,'1','PK-mensual-1',2,'[{"changed": {"fields": ["Imagen"]}}]',4,1,'2024-02-29 11:21:21.122537');
INSERT INTO django_admin_log VALUES(31,'8','Loteria Nacional',1,'[{"added": {}}]',2,1,'2024-03-01 20:47:27.459885');
INSERT INTO django_admin_log VALUES(32,'9','niño',1,'[{"added": {}}]',2,1,'2024-03-01 20:47:36.056217');
INSERT INTO django_admin_log VALUES(33,'10','Navidad',1,'[{"added": {}}]',2,1,'2024-03-01 20:47:47.953207');
INSERT INTO django_admin_log VALUES(34,'8','Loteria Nacional',2,'[]',2,1,'2024-03-01 20:52:22.282315');
INSERT INTO django_admin_log VALUES(35,'66','12345',3,'',5,1,'2024-03-07 16:43:36.563739');
INSERT INTO django_admin_log VALUES(36,'65','12345',3,'',5,1,'2024-03-07 16:43:41.634484');
INSERT INTO django_admin_log VALUES(37,'67','12345',3,'',5,1,'2024-03-07 16:46:11.048991');
INSERT INTO django_admin_log VALUES(38,'68','12345',3,'',5,1,'2024-03-07 16:57:38.835734');
INSERT INTO django_admin_log VALUES(39,'71','12345',3,'',5,1,'2024-03-07 17:00:28.108328');
INSERT INTO django_admin_log VALUES(40,'70','12345',3,'',5,1,'2024-03-07 17:00:33.121005');
INSERT INTO django_admin_log VALUES(41,'69','23415',3,'',5,1,'2024-03-07 17:00:33.127514');
INSERT INTO django_admin_log VALUES(42,'1','comprobar',1,'[{"added": {}}]',14,1,'2024-03-07 18:51:00.648085');
INSERT INTO django_admin_log VALUES(43,'1','comprobar',3,'',14,1,'2024-03-07 19:27:27.603073');
INSERT INTO django_admin_log VALUES(44,'2','comprobar',1,'[{"added": {}}]',14,1,'2024-03-07 19:28:28.240268');
INSERT INTO django_admin_log VALUES(45,'4','pp',3,'',14,1,'2024-03-07 19:35:00.115172');
INSERT INTO django_admin_log VALUES(46,'3','pp',3,'',14,1,'2024-03-07 19:35:04.012648');
INSERT INTO django_admin_log VALUES(47,'10','contactoUs object (10)',3,'',15,1,'2024-03-07 20:58:03.721840');
INSERT INTO django_admin_log VALUES(48,'9','contactoUs object (9)',3,'',15,1,'2024-03-07 20:58:03.727350');
INSERT INTO django_admin_log VALUES(49,'8','contactoUs object (8)',3,'',15,1,'2024-03-07 20:58:03.731351');
INSERT INTO django_admin_log VALUES(50,'7','contactoUs object (7)',3,'',15,1,'2024-03-07 20:58:03.735865');
INSERT INTO django_admin_log VALUES(51,'6','contactoUs object (6)',3,'',15,1,'2024-03-07 20:58:03.739866');
INSERT INTO django_admin_log VALUES(52,'5','contactoUs object (5)',3,'',15,1,'2024-03-07 20:58:03.744367');
INSERT INTO django_admin_log VALUES(53,'4','contactoUs object (4)',3,'',15,1,'2024-03-07 20:58:03.748372');
INSERT INTO django_admin_log VALUES(54,'3','contactoUs object (3)',3,'',15,1,'2024-03-07 20:58:03.753373');
INSERT INTO django_admin_log VALUES(55,'2','contactoUs object (2)',3,'',15,1,'2024-03-07 20:58:03.757399');
INSERT INTO django_admin_log VALUES(56,'1','contactoUs object (1)',3,'',15,1,'2024-03-07 20:58:03.761403');
INSERT INTO django_admin_log VALUES(57,'11','contactoUs object (11)',1,'[{"added": {}}]',15,1,'2024-03-07 21:14:14.482500');
INSERT INTO django_admin_log VALUES(58,'12','contactoUs object (12)',1,'[{"added": {}}]',15,1,'2024-03-07 21:22:05.464335');
INSERT INTO django_admin_log VALUES(59,'2','samuel',2,'[{"changed": {"fields": ["Calle", "Ciudad", "C\u00f3digo Postal", "Provincia"]}}]',3,1,'2024-03-07 21:34:06.163179');
INSERT INTO django_admin_log VALUES(60,'4','admsam',2,'[{"changed": {"fields": ["Is active"]}}]',3,1,'2024-04-11 10:01:36.056126');
INSERT INTO django_admin_log VALUES(61,'4','admsam',2,'[{"changed": {"fields": ["Is active"]}}]',3,1,'2024-04-11 13:12:06.726893');
INSERT INTO django_admin_log VALUES(62,'4','admsam',2,'[{"changed": {"fields": ["Starter"]}}]',3,1,'2024-04-12 13:18:22.374190');
INSERT INTO django_admin_log VALUES(63,'4','admsam',2,'[{"changed": {"fields": ["Starter"]}}]',3,1,'2024-04-12 13:18:35.480562');
INSERT INTO django_admin_log VALUES(64,'4','admsam',2,'[{"changed": {"fields": ["Provincia"]}}]',3,1,'2024-04-12 15:09:28.889810');
INSERT INTO django_admin_log VALUES(65,'4','admsam',2,'[{"changed": {"fields": ["Starter"]}}]',3,1,'2024-04-12 15:10:08.281959');
INSERT INTO django_admin_log VALUES(66,'4','admsam',2,'[{"changed": {"fields": ["Provincia", "Starter"]}}]',3,1,'2024-04-12 15:11:34.632014');
INSERT INTO django_admin_log VALUES(67,'4','admsam',2,'[{"changed": {"fields": ["Provincia", "Starter"]}}]',3,1,'2024-04-12 15:17:24.321015');
INSERT INTO django_admin_log VALUES(68,'4','admsam',2,'[{"changed": {"fields": ["Provincia", "Starter"]}}]',3,1,'2024-04-12 15:21:23.490381');
INSERT INTO django_admin_log VALUES(69,'4','admsam',2,'[{"changed": {"fields": ["Provincia", "Starter"]}}]',3,1,'2024-04-12 15:23:03.258581');
INSERT INTO django_admin_log VALUES(70,'4','admsam',2,'[{"changed": {"fields": ["Provincia", "Starter"]}}]',3,1,'2024-04-12 15:23:59.508209');
INSERT INTO django_admin_log VALUES(71,'4','admsam',2,'[{"changed": {"fields": ["Provincia", "Starter"]}}]',3,1,'2024-04-12 15:25:27.378529');
INSERT INTO django_admin_log VALUES(72,'4','admsam',2,'[{"changed": {"fields": ["Email"]}}]',3,1,'2024-04-13 16:23:23.130592');
INSERT INTO django_admin_log VALUES(73,'5','samuelclient',2,'[{"changed": {"fields": ["Email"]}}]',3,1,'2024-04-13 16:23:29.013982');
INSERT INTO django_admin_log VALUES(74,'4','admsam',2,'[{"changed": {"fields": ["Starter"]}}]',3,1,'2024-04-14 15:33:08.795289');
INSERT INTO django_admin_log VALUES(75,'5','samuelclient',2,'[{"changed": {"fields": ["Email"]}}]',3,1,'2024-04-14 15:34:09.311233');
INSERT INTO django_admin_log VALUES(76,'4','admsam',2,'[{"changed": {"fields": ["Email"]}}]',3,1,'2024-04-14 15:34:23.324022');
INSERT INTO django_admin_log VALUES(77,'4','admsam',2,'[{"changed": {"fields": ["Email"]}}]',3,1,'2024-04-14 15:34:41.822171');
INSERT INTO django_admin_log VALUES(78,'4','admsam',2,'[{"changed": {"fields": ["Email"]}}]',3,1,'2024-04-14 15:34:48.733563');
INSERT INTO django_admin_log VALUES(79,'4','admsam',2,'[{"changed": {"fields": ["Password", "Last login", "DNI", "Calle", "Ciudad", "C\u00f3digo Postal", "Provincia", "Nombre", "Apellidos"]}}]',3,1,'2024-04-15 14:53:12.827614');
INSERT INTO django_admin_log VALUES(80,'4','admsam',2,'[]',3,1,'2024-04-15 14:53:39.058872');
INSERT INTO django_admin_log VALUES(81,'79','98765',3,'',5,1,'2024-04-15 15:48:01.357275');
INSERT INTO django_admin_log VALUES(82,'75','12345',2,'[{"changed": {"fields": ["Fecha del Sorteo"]}}]',5,1,'2024-04-15 16:37:18.265019');
INSERT INTO django_admin_log VALUES(83,'22','Order 22 - admsam',1,'[{"added": {}}]',7,1,'2024-04-18 12:16:19.448950');
INSERT INTO django_admin_log VALUES(84,'22','Order 22 - admsam',3,'',7,1,'2024-04-18 12:29:51.055787');
INSERT INTO django_admin_log VALUES(85,'21','Order 21 - samuelgmar',3,'',7,1,'2024-04-18 12:29:51.062784');
INSERT INTO django_admin_log VALUES(86,'20','Order 20 - samuelgmar',3,'',7,1,'2024-04-18 12:29:51.067783');
INSERT INTO django_admin_log VALUES(87,'19','Order 19 - samuelgmar',3,'',7,1,'2024-04-18 12:29:51.071783');
INSERT INTO django_admin_log VALUES(88,'18','Order 18 - samuelgmar',3,'',7,1,'2024-04-18 12:29:51.076782');
INSERT INTO django_admin_log VALUES(89,'17','Order 17 - samuelgmar',3,'',7,1,'2024-04-18 12:29:51.081786');
INSERT INTO django_admin_log VALUES(90,'16','Order 16 - samuelgmar',3,'',7,1,'2024-04-18 12:29:51.085785');
INSERT INTO django_admin_log VALUES(91,'15','Order 15 - samuelgmar',3,'',7,1,'2024-04-18 12:29:51.089783');
INSERT INTO django_admin_log VALUES(92,'14','Order 14 - samuelgmar',3,'',7,1,'2024-04-18 12:29:51.094469');
INSERT INTO django_admin_log VALUES(93,'13','Order 13 - samuelgmar',3,'',7,1,'2024-04-18 12:29:51.098471');
INSERT INTO django_admin_log VALUES(94,'12','Order 12 - samuelgmar',3,'',7,1,'2024-04-18 12:29:51.102475');
INSERT INTO django_admin_log VALUES(95,'11','Order 11 - samuelgmar',3,'',7,1,'2024-04-18 12:29:51.106471');
INSERT INTO django_admin_log VALUES(96,'10','Order 10 - samuelgmar',3,'',7,1,'2024-04-18 12:29:51.110476');
INSERT INTO django_admin_log VALUES(97,'9','Order 9 - samuelgmar',3,'',7,1,'2024-04-18 12:29:51.114481');
INSERT INTO django_admin_log VALUES(98,'8','Order 8 - samuelgmar',3,'',7,1,'2024-04-18 12:29:51.118481');
INSERT INTO django_admin_log VALUES(99,'7','Order 7 - samuelgmar',3,'',7,1,'2024-04-18 12:29:51.122481');
INSERT INTO django_admin_log VALUES(100,'6','Order 6 - samuelgmar',3,'',7,1,'2024-04-18 12:29:51.126993');
INSERT INTO django_admin_log VALUES(101,'5','Order 5 - samuelgmar',3,'',7,1,'2024-04-18 12:29:51.131194');
INSERT INTO django_admin_log VALUES(102,'4','Order 4 - samuelgmar',3,'',7,1,'2024-04-18 12:29:51.135193');
INSERT INTO django_admin_log VALUES(103,'3','Order 3 - samuelgmar',3,'',7,1,'2024-04-18 12:29:51.139194');
INSERT INTO django_admin_log VALUES(104,'2','Order 2 - samuelgmar',3,'',7,1,'2024-04-18 12:29:51.143194');
INSERT INTO django_admin_log VALUES(105,'1','Order 1 - samuelgmar',3,'',7,1,'2024-04-18 12:29:51.147249');
INSERT INTO django_admin_log VALUES(106,'1','PK-1',2,'[{"changed": {"fields": ["Nombre", "Slug"]}}]',4,1,'2024-04-18 12:30:11.495425');
INSERT INTO django_admin_log VALUES(107,'74','123121212',3,'',5,1,'2024-04-18 12:31:59.414479');
INSERT INTO django_admin_log VALUES(108,'72','12345',3,'',5,1,'2024-04-18 12:31:59.418486');
INSERT INTO django_admin_log VALUES(109,'75','12346',3,'',5,1,'2024-04-18 12:31:59.423443');
INSERT INTO django_admin_log VALUES(110,'77','13454',3,'',5,1,'2024-04-18 12:31:59.427458');
INSERT INTO django_admin_log VALUES(111,'76','30592',3,'',5,1,'2024-04-18 12:31:59.431458');
INSERT INTO django_admin_log VALUES(112,'73','32145',3,'',5,1,'2024-04-18 12:31:59.435458');
INSERT INTO django_admin_log VALUES(113,'60','bonoloto',3,'',5,1,'2024-04-18 12:31:59.439458');
INSERT INTO django_admin_log VALUES(114,'59','bonoloto',3,'',5,1,'2024-04-18 12:31:59.444459');
INSERT INTO django_admin_log VALUES(115,'56','bonoloto',3,'',5,1,'2024-04-18 12:31:59.448459');
INSERT INTO django_admin_log VALUES(116,'55','bonoloto',3,'',5,1,'2024-04-18 12:31:59.452458');
INSERT INTO django_admin_log VALUES(117,'35','bonoloto',3,'',5,1,'2024-04-18 12:31:59.457459');
INSERT INTO django_admin_log VALUES(118,'45','elgordo',3,'',5,1,'2024-04-18 12:31:59.461459');
INSERT INTO django_admin_log VALUES(119,'40','elgordo',3,'',5,1,'2024-04-18 12:31:59.465459');
INSERT INTO django_admin_log VALUES(120,'38','elgordo',3,'',5,1,'2024-04-18 12:31:59.469459');
INSERT INTO django_admin_log VALUES(121,'37','elgordo',3,'',5,1,'2024-04-18 12:31:59.473459');
INSERT INTO django_admin_log VALUES(122,'36','elgordo',3,'',5,1,'2024-04-18 12:31:59.477459');
INSERT INTO django_admin_log VALUES(123,'78','eurodreams',3,'',5,1,'2024-04-18 12:31:59.481459');
INSERT INTO django_admin_log VALUES(124,'47','eurodreams',3,'',5,1,'2024-04-18 12:31:59.485459');
INSERT INTO django_admin_log VALUES(125,'44','eurodreams',3,'',5,1,'2024-04-18 12:31:59.489459');
INSERT INTO django_admin_log VALUES(126,'43','eurodreams',3,'',5,1,'2024-04-18 12:31:59.494458');
INSERT INTO django_admin_log VALUES(127,'42','eurodreams',3,'',5,1,'2024-04-18 12:31:59.498458');
INSERT INTO django_admin_log VALUES(128,'41','eurodreams',3,'',5,1,'2024-04-18 12:31:59.502458');
INSERT INTO django_admin_log VALUES(129,'52','euromillones',3,'',5,1,'2024-04-18 12:31:59.507249');
INSERT INTO django_admin_log VALUES(130,'51','euromillones',3,'',5,1,'2024-04-18 12:31:59.511259');
INSERT INTO django_admin_log VALUES(131,'50','euromillones',3,'',5,1,'2024-04-18 12:31:59.515261');
INSERT INTO django_admin_log VALUES(132,'49','euromillones',3,'',5,1,'2024-04-18 12:31:59.519259');
INSERT INTO django_admin_log VALUES(133,'48','euromillones',3,'',5,1,'2024-04-18 12:31:59.523890');
INSERT INTO django_admin_log VALUES(134,'46','euromillones',3,'',5,1,'2024-04-18 12:31:59.527849');
INSERT INTO django_admin_log VALUES(135,'34','euromillones',3,'',5,1,'2024-04-18 12:31:59.531860');
INSERT INTO django_admin_log VALUES(136,'33','euromillones',3,'',5,1,'2024-04-18 12:31:59.537900');
INSERT INTO django_admin_log VALUES(137,'32','euromillones',3,'',5,1,'2024-04-18 12:31:59.541900');
INSERT INTO django_admin_log VALUES(138,'31','euromillones',3,'',5,1,'2024-04-18 12:31:59.545900');
INSERT INTO django_admin_log VALUES(139,'58','primitiva',3,'',5,1,'2024-04-18 12:31:59.549900');
INSERT INTO django_admin_log VALUES(140,'57','primitiva',3,'',5,1,'2024-04-18 12:31:59.554333');
INSERT INTO django_admin_log VALUES(141,'54','primitiva',3,'',5,1,'2024-04-18 12:31:59.557238');
INSERT INTO django_admin_log VALUES(142,'53','primitiva',3,'',5,1,'2024-04-18 12:31:59.561718');
INSERT INTO django_admin_log VALUES(143,'63','quiniela',3,'',5,1,'2024-04-18 12:31:59.565721');
INSERT INTO django_admin_log VALUES(144,'62','quiniela',3,'',5,1,'2024-04-18 12:31:59.570719');
INSERT INTO django_admin_log VALUES(145,'61','quiniela',3,'',5,1,'2024-04-18 12:31:59.574718');
INSERT INTO django_admin_log VALUES(146,'64','quinigol',3,'',5,1,'2024-04-18 12:31:59.577928');
INSERT INTO django_admin_log VALUES(147,'30','quinigol',3,'',5,1,'2024-04-18 12:31:59.582937');
INSERT INTO django_admin_log VALUES(148,'29','quinigol',3,'',5,1,'2024-04-18 12:31:59.586731');
INSERT INTO django_admin_log VALUES(149,'85','bonoloto',1,'[{"added": {}}]',5,1,'2024-04-18 12:32:43.328502');
INSERT INTO django_admin_log VALUES(150,'86','eurodreams',1,'[{"added": {}}]',5,1,'2024-04-18 12:33:25.016930');
INSERT INTO django_admin_log VALUES(151,'1','Order 1 - samuel',1,'[{"added": {}}]',7,1,'2024-04-18 12:34:02.276969');
INSERT INTO django_admin_log VALUES(152,'2','Order 2 - samuelclient',1,'[{"added": {}}]',7,1,'2024-04-18 12:34:24.698334');
INSERT INTO django_admin_log VALUES(153,'2','Order 2 - samuelclient',2,'[{"changed": {"fields": ["Productos"]}}]',7,1,'2024-04-18 14:06:13.932631');
INSERT INTO django_admin_log VALUES(154,'11','Loteria Nacional (J)',1,'[{"added": {}}]',2,1,'2024-04-18 14:23:07.313603');
INSERT INTO django_admin_log VALUES(155,'12','Loteria Nacional (S)',1,'[{"added": {}}]',2,1,'2024-04-18 14:23:20.493894');
INSERT INTO django_admin_log VALUES(156,'11','Lotería Nacional (J)',2,'[{"changed": {"fields": ["Nombre"]}}]',2,1,'2024-04-18 14:29:43.934556');
INSERT INTO django_admin_log VALUES(157,'12','Lotería Nacional (S)',2,'[{"changed": {"fields": ["Nombre"]}}]',2,1,'2024-04-18 14:29:52.198389');
INSERT INTO django_admin_log VALUES(158,'85','bonoloto',2,'[{"changed": {"fields": ["Descripcion"]}}]',5,1,'2024-04-18 18:24:14.005166');
INSERT INTO django_admin_log VALUES(159,'4','admsam',2,'[{"changed": {"fields": ["Starter"]}}]',3,1,'2024-04-18 19:04:06.432774');
INSERT INTO django_admin_log VALUES(160,'4','admsam',2,'[{"changed": {"fields": ["PaypalMail", "DNI", "Calle", "Ciudad", "C\u00f3digo Postal", "Provincia", "Nombre", "Apellidos", "Starter"]}}]',3,1,'2024-04-18 23:55:22.013559');
INSERT INTO django_admin_log VALUES(161,'4','admsam',2,'[{"changed": {"fields": ["Starter"]}}]',3,1,'2024-04-19 00:22:50.811228');
INSERT INTO django_admin_log VALUES(162,'7','Quinigol',2,'[]',2,1,'2024-04-19 15:54:17.932631');
INSERT INTO django_admin_log VALUES(163,'6','Quiniela',2,'[]',2,1,'2024-04-19 15:54:24.077112');
INSERT INTO django_admin_log VALUES(164,'2','Primitiva',2,'[]',2,1,'2024-04-19 15:54:29.975340');
INSERT INTO django_admin_log VALUES(165,'10','Navidad',2,'[]',2,1,'2024-04-19 15:54:32.213504');
INSERT INTO django_admin_log VALUES(166,'12','Lotería Nacional (S)',2,'[]',2,1,'2024-04-19 15:54:37.042513');
INSERT INTO django_admin_log VALUES(167,'11','Lotería Nacional (J)',2,'[]',2,1,'2024-04-19 15:54:42.472198');
INSERT INTO django_admin_log VALUES(168,'5','Euromillones',2,'[]',2,1,'2024-04-19 15:54:50.651907');
INSERT INTO django_admin_log VALUES(169,'1','Eurodreams',2,'[]',2,1,'2024-04-19 15:54:55.372425');
INSERT INTO django_admin_log VALUES(170,'3','El Gordo',2,'[]',2,1,'2024-04-19 15:55:00.048173');
INSERT INTO django_admin_log VALUES(171,'4','admsam',2,'[{"changed": {"fields": ["PaypalMail"]}}]',3,1,'2024-04-19 18:40:08.135280');
INSERT INTO django_admin_log VALUES(172,'11','Lotería Nacional (J)',2,'[]',2,1,'2024-04-20 15:34:00.667113');
INSERT INTO django_admin_log VALUES(173,'12','Lotería Nacional (S)',2,'[]',2,1,'2024-04-20 15:34:08.931084');
INSERT INTO django_admin_log VALUES(174,'18','Order 18 - samuelclient',3,'',7,1,'2024-04-20 17:34:25.600340');
INSERT INTO django_admin_log VALUES(175,'17','Order 17 - samuelclient',3,'',7,1,'2024-04-20 17:34:25.605341');
INSERT INTO django_admin_log VALUES(176,'16','Order 16 - samuelclient',3,'',7,1,'2024-04-20 17:34:25.609675');
INSERT INTO django_admin_log VALUES(177,'15','Order 15 - samuelclient',3,'',7,1,'2024-04-20 17:34:25.613454');
INSERT INTO django_admin_log VALUES(178,'14','Order 14 - samuelclient',3,'',7,1,'2024-04-20 17:34:25.617454');
INSERT INTO django_admin_log VALUES(179,'13','Order 13 - samuelclient',3,'',7,1,'2024-04-20 17:34:25.621958');
INSERT INTO django_admin_log VALUES(180,'12','Order 12 - samuelclient',3,'',7,1,'2024-04-20 17:34:25.625963');
INSERT INTO django_admin_log VALUES(181,'11','Order 11 - samuelclient',3,'',7,1,'2024-04-20 17:34:25.630388');
INSERT INTO django_admin_log VALUES(182,'10','Order 10 - samuelclient',3,'',7,1,'2024-04-20 17:34:25.634779');
INSERT INTO django_admin_log VALUES(183,'9','Order 9 - samuelclient',3,'',7,1,'2024-04-20 17:34:25.638780');
INSERT INTO django_admin_log VALUES(184,'8','Order 8 - samuelclient',3,'',7,1,'2024-04-20 17:34:25.642781');
INSERT INTO django_admin_log VALUES(185,'7','Order 7 - samuelclient',3,'',7,1,'2024-04-20 17:34:25.646781');
INSERT INTO django_admin_log VALUES(186,'6','Order 6 - samuelclient',3,'',7,1,'2024-04-20 17:34:25.650786');
INSERT INTO django_admin_log VALUES(187,'5','Order 5 - samuelclient',3,'',7,1,'2024-04-20 17:34:25.654792');
INSERT INTO django_admin_log VALUES(188,'4','Order 4 - samuelclient',3,'',7,1,'2024-04-20 17:34:25.658793');
INSERT INTO django_admin_log VALUES(189,'3','Order 3 - samuelclient',3,'',7,1,'2024-04-20 17:34:25.662792');
INSERT INTO django_admin_log VALUES(190,'2','Order 2 - samuelclient',3,'',7,1,'2024-04-20 17:34:25.666802');
INSERT INTO django_admin_log VALUES(191,'1','Order 1 - samuel',3,'',7,1,'2024-04-20 17:34:25.670806');
INSERT INTO django_admin_log VALUES(192,'90','bonoloto',3,'',5,1,'2024-04-20 17:34:55.661663');
INSERT INTO django_admin_log VALUES(193,'85','bonoloto',3,'',5,1,'2024-04-20 17:34:55.665771');
INSERT INTO django_admin_log VALUES(194,'91','elgordo',3,'',5,1,'2024-04-20 17:34:55.670775');
INSERT INTO django_admin_log VALUES(195,'108','eurodreams',3,'',5,1,'2024-04-20 17:34:55.674707');
INSERT INTO django_admin_log VALUES(196,'107','eurodreams',3,'',5,1,'2024-04-20 17:34:55.678706');
INSERT INTO django_admin_log VALUES(197,'106','eurodreams',3,'',5,1,'2024-04-20 17:34:55.682706');
INSERT INTO django_admin_log VALUES(198,'102','eurodreams',3,'',5,1,'2024-04-20 17:34:55.686707');
INSERT INTO django_admin_log VALUES(199,'101','eurodreams',3,'',5,1,'2024-04-20 17:34:55.690624');
INSERT INTO django_admin_log VALUES(200,'100','eurodreams',3,'',5,1,'2024-04-20 17:34:55.695722');
INSERT INTO django_admin_log VALUES(201,'99','eurodreams',3,'',5,1,'2024-04-20 17:34:55.699722');
INSERT INTO django_admin_log VALUES(202,'98','eurodreams',3,'',5,1,'2024-04-20 17:34:55.703721');
INSERT INTO django_admin_log VALUES(203,'97','eurodreams',3,'',5,1,'2024-04-20 17:34:55.707721');
INSERT INTO django_admin_log VALUES(204,'96','eurodreams',3,'',5,1,'2024-04-20 17:34:55.711732');
INSERT INTO django_admin_log VALUES(205,'95','eurodreams',3,'',5,1,'2024-04-20 17:34:55.715732');
INSERT INTO django_admin_log VALUES(206,'88','eurodreams',3,'',5,1,'2024-04-20 17:34:55.720732');
INSERT INTO django_admin_log VALUES(207,'86','eurodreams',3,'',5,1,'2024-04-20 17:34:55.724736');
INSERT INTO django_admin_log VALUES(208,'92','euromillones',3,'',5,1,'2024-04-20 17:34:55.729006');
INSERT INTO django_admin_log VALUES(209,'89','primitiva',3,'',5,1,'2024-04-20 17:34:55.732747');
INSERT INTO django_admin_log VALUES(210,'93','quiniela',3,'',5,1,'2024-04-20 17:34:55.736745');
INSERT INTO django_admin_log VALUES(211,'94','quinigol',3,'',5,1,'2024-04-20 17:34:55.741258');
INSERT INTO django_admin_log VALUES(212,'1','Instagram',2,'[{"changed": {"fields": ["NombreAdministraci\u00f3n"]}}]',20,1,'2024-04-21 23:37:18.934644');
CREATE TABLE IF NOT EXISTS "django_session" ("session_key" varchar(40) NOT NULL PRIMARY KEY, "session_data" text NOT NULL, "expire_date" datetime NOT NULL);
INSERT INTO django_session VALUES('kubrp585wxyc5kuh3jgi43p1nkoxf52o','.eJxVjM0OwiAQhN-FsyEU-Vk8evcZyLKwUjU0Ke3J-O62SQ-azGm-b-YtIq5LjWsvcxyzuIhBnH67hPQsbQf5ge0-SZraMo9J7oo8aJe3KZfX9XD_Dir2uq2tQiZClzRZS-AZAmejTFZEWrFJvmxx5uyGYkJRDD5B0MCgnLdgxecLABU37g:1rxROM:0o5KIxb8d8zJViEXKCHO-VY8DIZ-JExcnwNL47ilfBc','2024-04-18 14:01:30.612279');
INSERT INTO django_session VALUES('yhnkkh3gw6zf8cyhuks75z4u5e4aaw09','.eJxVjDsOwjAQBe_iGlkbfxIvJX3OYO36gwPIkeKkQtydREoB7ZuZ9xaetrX4raXFT1FchRGX340pPFM9QHxQvc8yzHVdJpaHIk_a5DjH9Lqd7t9BoVb2utOgOxvJAvWRSRmTLbmAoYchO5czD4Q7tKyZkBPqyAgZAaxS2hnx-QLmeDfJ:1rxRVQ:oGXaNxkLXEZzR5l-DJhqdUexby_NUhG2YuSpFGZNwTc','2024-04-18 14:08:48.772155');
INSERT INTO django_session VALUES('8z3v5i44dduww8bsszqh4m7sc4557wdq','.eJxVjM0OwiAQhN-FsyEU-Vk8evcZyLKwUjU0Ke3J-O62SQ-azGm-b-YtIq5LjWsvcxyzuIhBnH67hPQsbQf5ge0-SZraMo9J7oo8aJe3KZfX9XD_Dir2uq2tQiZClzRZS-AZAmejTFZEWrFJvmxx5uyGYkJRDD5B0MCgnLdgxecLABU37g:1rxSKx:LVwE9Of-oLtt_E4CHV0a6Q_SwmavK5HwAiXEoNN3qrI','2024-04-18 15:02:03.627164');
INSERT INTO django_session VALUES('4kgo1ku3i0a1ctmfewczcnpg6w909ttj','.eJxVjDsOwjAQBe_iGlkbfxIvJX3OYO36gwPIkeKkQtydREoB7ZuZ9xaetrX4raXFT1FchRGX340pPFM9QHxQvc8yzHVdJpaHIk_a5DjH9Lqd7t9BoVb2utOgOxvJAvWRSRmTLbmAoYchO5czD4Q7tKyZkBPqyAgZAaxS2hnx-QLmeDfJ:1rxSS1:A7E0u5lm3QWVsCIFDhAqKSHOK1aDSDodKxHHzUWIfYU','2024-04-18 15:09:21.214822');
INSERT INTO django_session VALUES('ihpym8k4vokkgxfy46pwbr57qm8lyq6e','.eJxVjM0OwiAQhN-FsyEU-Vk8evcZyLKwUjU0Ke3J-O62SQ-azGm-b-YtIq5LjWsvcxyzuIhBnH67hPQsbQf5ge0-SZraMo9J7oo8aJe3KZfX9XD_Dir2uq2tQiZClzRZS-AZAmejTFZEWrFJvmxx5uyGYkJRDD5B0MCgnLdgxecLABU37g:1rxTgE:rGOy5LdegNQKmby2EtlLXA-cVJjOfJLZz_VVKiuDjGs','2024-04-19 03:28:06.113321');
INSERT INTO django_session VALUES('x9u2a92qryfzvaixr4yltgffjpux88dv','.eJxVjDsOwjAQBe_iGlkbfxIvJX3OYO36gwPIkeKkQtydREoB7ZuZ9xaetrX4raXFT1FchRGX340pPFM9QHxQvc8yzHVdJpaHIk_a5DjH9Lqd7t9BoVb2utOgOxvJAvWRSRmTLbmAoYchO5czD4Q7tKyZkBPqyAgZAaxS2hnx-QLmeDfJ:1rxU9y:EMgYNzVYrXsraVibwnKBnhE0sNQSSU2P90pST_PRCPQ','2024-04-19 03:58:50.176911');
INSERT INTO django_session VALUES('zdkuneuqed0k4hy56jdrxsom1ioi3vu8','.eJyF0MtuhSAQANB_YW2JyMjjLrtv0j8wCGOlD7lBXN347wVzF-1C2ZAwj8MMDzKYLc3DtmIcvCM30pPmb2w09guXknCfZvkI1IYlRT_SUkKf2ZW-BYffr8_af8Bs1jl3TxIdWKGEYLw3yBFB2Qn0pJkUHTJwMEpoheFOaT4BlxYnRNbL3rDRdhm1JiZyexClymnNkrwzeTLWkHtE60N-RklaFkj-Xm7vMbjNphzwCX9ejv1y994QpS8MoG3F0MXQ7bnBqkbuLgY7N7hUVYQdSHcxiNJtVekOhZ8roHXtX3N7QeBilOocQPZ9_wUjBcYR:1rxWBz:zH4XE3M0vpk3PVA7P6HzUMyoSF40VKevl7UHFNZlNus','2024-04-19 06:09:03.961102');
INSERT INTO django_session VALUES('lhm8someyd9qbd0ccf3pmrykqr18jfyb','.eJxVjM0OwiAQhN-FsyEU-Vk8evcZyLKwUjU0Ke3J-O62SQ-azGm-b-YtIq5LjWsvcxyzuIhBnH67hPQsbQf5ge0-SZraMo9J7oo8aJe3KZfX9XD_Dir2uq2tQiZClzRZS-AZAmejTFZEWrFJvmxx5uyGYkJRDD5B0MCgnLdgxecLABU37g:1rxmd1:8sUXKzpLavnASfiiZy99o5MX_WDyOx-Wry2A0o8PZsU','2024-04-19 23:42:03.103482');
INSERT INTO django_session VALUES('nr6mgdorhxmrcj8nbqzj3lk1qnwwkbxy','.eJxVjDsOwjAQBe_iGlk4Xv8o6XMGa71e4wBypDipEHeHSCmgfTPzXiLitta4dV7ilMVFGHH63RLSg9sO8h3bbZY0t3WZktwVedAuxznz83q4fwcVe_3WxXEGst5apQ2yZgZPBUIJytmBFWRIDs4WdfZBF9COuDAr4wyqRIN4fwDscjgd:1rxmiY:QdDfxq2pa36AufhUL8zgMZSw83yQzj64p2_hvQEtiGg','2024-04-19 23:47:46.192664');
INSERT INTO django_session VALUES('ox5k2j7wdmahyp1fxb7orwm209sekdrd','.eJxVjDsOwjAQBe_iGlk4Xv8o6XMGa71e4wBypDipEHeHSCmgfTPzXiLitta4dV7ilMVFGHH63RLSg9sO8h3bbZY0t3WZktwVedAuxznz83q4fwcVe_3WxXEGst5apQ2yZgZPBUIJytmBFWRIDs4WdfZBF9COuDAr4wyqRIN4fwDscjgd:1rxzYZ:ayFYsbnZMdXQbnuReA5XVgMm9Hmb0njyonevuMm8AH0','2024-04-20 13:30:19.095671');
INSERT INTO django_session VALUES('86266fl8e1ttgdo790uanc84frocn04z','.eJxVjDsOwjAQBe_iGlk4Xv8o6XMGa71e4wBypDipEHeHSCmgfTPzXiLitta4dV7ilMVFGHH63RLSg9sO8h3bbZY0t3WZktwVedAuxznz83q4fwcVe_3WxXEGst5apQ2yZgZPBUIJytmBFWRIDs4WdfZBF9COuDAr4wyqRIN4fwDscjgd:1rxqGX:lnjgLE0FHIiHypjzvqIksm-0pvCqS8QR84E_JRbwnHs','2024-04-20 03:35:05.101447');
INSERT INTO django_session VALUES('b7s3qsuttk9ddennuqj85mtlx316u49m','.eJxVjDsOwjAQBe_iGlk4Xv8o6XMGa71e4wBypDipEHeHSCmgfTPzXiLitta4dV7ilMVFGHH63RLSg9sO8h3bbZY0t3WZktwVedAuxznz83q4fwcVe_3WxXEGst5apQ2yZgZPBUIJytmBFWRIDs4WdfZBF9COuDAr4wyqRIN4fwDscjgd:1rxzif:RvcW0HFjgOhvgTbwDVfrU6l_gZU9ax8e9XAPdJjAkKA','2024-04-20 13:40:45.683578');
INSERT INTO django_session VALUES('c3uw191xqfjuykefuzzhgdy0arben5fy','.eJxVjM0OwiAQhN-FsyEU-Vk8evcZyLKwUjU0Ke3J-O62SQ-azGm-b-YtIq5LjWsvcxyzuIhBnH67hPQsbQf5ge0-SZraMo9J7oo8aJe3KZfX9XD_Dir2uq2tQiZClzRZS-AZAmejTFZEWrFJvmxx5uyGYkJRDD5B0MCgnLdgxecLABU37g:1ry1KV:GJZ6ZqHNYtNdpUY1tPxyhMyg90e6Jvb7CdsYYd2i5R8','2024-04-20 15:23:55.108374');
INSERT INTO django_session VALUES('3rrew54g93dmfp3d4hpgm6f32ksf9k2s','.eJxVjM0OwiAQhN-FsyEU-Vk8evcZyLKwUjU0Ke3J-O62SQ-azGm-b-YtIq5LjWsvcxyzuIhBnH67hPQsbQf5ge0-SZraMo9J7oo8aJe3KZfX9XD_Dir2uq2tQiZClzRZS-AZAmejTFZEWrFJvmxx5uyGYkJRDD5B0MCgnLdgxecLABU37g:1ryCip:TGHsN39sI57rbHL-6Gbmk80c1oY31bAHk1bCGyi74e0','2024-04-21 03:33:47.801354');
INSERT INTO django_session VALUES('6qz2v8l9yqha210tcro7f36oky64gnte','.eJxVjDsOwjAQBe_iGlk4Xv8o6XMGa71e4wBypDipEHeHSCmgfTPzXiLitta4dV7ilMVFGHH63RLSg9sO8h3bbZY0t3WZktwVedAuxznz83q4fwcVe_3WxXEGst5apQ2yZgZPBUIJytmBFWRIDs4WdfZBF9COuDAr4wyqRIN4fwDscjgd:1ryEVj:_Ao1MTFD65UrLLxawjv4qQxM_vM2V94ZMisTyXquV-g','2024-04-21 05:28:23.957981');
INSERT INTO django_session VALUES('x11esmmuc2fvsfvkxf6ehlpk8e9inzw4','.eJxVjDsOwjAQBe_iGlk4Xv8o6XMGa71e4wBypDipEHeHSCmgfTPzXiLitta4dV7ilMVFGHH63RLSg9sO8h3bbZY0t3WZktwVedAuxznz83q4fwcVe_3WxXEGst5apQ2yZgZPBUIJytmBFWRIDs4WdfZBF9COuDAr4wyqRIN4fwDscjgd:1ryMmA:LEiX9yN0LhUr-9js94SjC15BgAa7wFaJJWayO2hW8lk','2024-04-21 14:17:54.668083');
INSERT INTO django_session VALUES('1eg1hzfku7wjcz5pxcg4s8xp6jbnqtxn','.eJxVjDsOwjAQBe_iGlkbfxIvJX3OYO36gwPIkeKkQtydREoB7ZuZ9xaetrX4raXFT1FchRGX340pPFM9QHxQvc8yzHVdJpaHIk_a5DjH9Lqd7t9BoVb2utOgOxvJAvWRSRmTLbmAoYchO5czD4Q7tKyZkBPqyAgZAaxS2hnx-QLmeDfJ:1ryezZ:7-r03AE_IQsxbIMtPUIdgd0cFjEqVt_vYdNQGqkD1rI','2024-04-22 09:44:57.405842');
INSERT INTO django_session VALUES('3wguaslp6xot8g2u7prtxyvubnodl0dh','.eJxVjM0OwiAQhN-FsyEU-Vk8evcZyLKwUjU0Ke3J-O62SQ-azGm-b-YtIq5LjWsvcxyzuIhBnH67hPQsbQf5ge0-SZraMo9J7oo8aJe3KZfX9XD_Dir2uq2tQiZClzRZS-AZAmejTFZEWrFJvmxx5uyGYkJRDD5B0MCgnLdgxecLABU37g:1rygk9:mGwoRuBSD1lgXiRLTgXLrQW0a5TnluJOfyysKUh-i9c','2024-04-22 11:37:09.832937');
INSERT INTO django_session VALUES('andhihowmcgq8mp1dlm71mzbpcrp9z3b','.eJxVjDsOwjAQBe_iGlk4Xv8o6XMGa71e4wBypDipEHeHSCmgfTPzXiLitta4dV7ilMVFGHH63RLSg9sO8h3bbZY0t3WZktwVedAuxznz83q4fwcVe_3WxXEGst5apQ2yZgZPBUIJytmBFWRIDs4WdfZBF9COuDAr4wyqRIN4fwDscjgd:1ryj1v:ELzAbQ2nFvKGOMbZTOSNzVZSqVa26HGCR3Uzk_FYDTI','2024-04-22 14:03:39.404274');
INSERT INTO django_session VALUES('gqbeskn0uws5f1xaop6vazy7dn8sgql4','.eJxVjDsOwjAQBe_iGlkbfxIvJX3OYO36gwPIkeKkQtydREoB7ZuZ9xaetrX4raXFT1FchRGX340pPFM9QHxQvc8yzHVdJpaHIk_a5DjH9Lqd7t9BoVb2utOgOxvJAvWRSRmTLbmAoYchO5czD4Q7tKyZkBPqyAgZAaxS2hnx-QLmeDfJ:1rylkR:o6874lHMEEzZPvkyHTRUVjwaLkVMpuoPAZhlP85KZwQ','2024-04-22 16:57:47.849282');
CREATE TABLE IF NOT EXISTS "Global_sliderimage" ("id" integer NOT NULL PRIMARY KEY AUTOINCREMENT, "image" varchar(100) NOT NULL, "caption" varchar(100) NOT NULL, "created_at" datetime NOT NULL, "nombreAdministración_id" bigint NULL REFERENCES "Global_usuarioadminstracion" ("user_id") DEFERRABLE INITIALLY DEFERRED);
INSERT INTO Global_sliderimage VALUES(5,'user_2/img01_UjHauws.png','pp','2024-03-07 19:36:34.047122',2);
INSERT INTO Global_sliderimage VALUES(6,'user_2/comprobar_OVg7EIV.jpg','comprobar','2024-03-07 20:15:50.529276',2);
CREATE TABLE IF NOT EXISTS "Global_contactous" ("id" integer NOT NULL PRIMARY KEY AUTOINCREMENT, "nombre" text NULL, "email" varchar(254) NULL, "asunto" text NULL, "mensaje" text NULL, "nombreAdministración_id" bigint NULL REFERENCES "Global_usuarioadminstracion" ("user_id") DEFERRABLE INITIALLY DEFERRED);
INSERT INTO Global_contactous VALUES(11,'samuel','samuelgarciamapriv@gmail.com','dasfs','dsfa',2);
INSERT INTO Global_contactous VALUES(12,'sa','samupriv06@gmail.com','sa','sa',2);
CREATE TABLE IF NOT EXISTS "cookie_consent_cookiegroup" ("id" integer NOT NULL PRIMARY KEY AUTOINCREMENT, "varname" varchar(32) NOT NULL, "name" varchar(100) NOT NULL, "description" text NOT NULL, "is_required" bool NOT NULL, "is_deletable" bool NOT NULL, "ordering" integer NOT NULL, "created" datetime NOT NULL);
CREATE TABLE IF NOT EXISTS "cookie_consent_cookie" ("id" integer NOT NULL PRIMARY KEY AUTOINCREMENT, "name" varchar(250) NOT NULL, "description" text NOT NULL, "path" text NOT NULL, "domain" varchar(250) NOT NULL, "created" datetime NOT NULL, "cookiegroup_id" integer NOT NULL REFERENCES "cookie_consent_cookiegroup" ("id") DEFERRABLE INITIALLY DEFERRED);
CREATE TABLE IF NOT EXISTS "cookie_consent_logitem" ("id" integer NOT NULL PRIMARY KEY AUTOINCREMENT, "action" integer NOT NULL, "version" varchar(32) NOT NULL, "created" datetime NOT NULL, "cookiegroup_id" integer NOT NULL REFERENCES "cookie_consent_cookiegroup" ("id") DEFERRABLE INITIALLY DEFERRED);
CREATE TABLE IF NOT EXISTS "Global_lotteryadministration" ("nombreAdministración_id" bigint NOT NULL PRIMARY KEY REFERENCES "Global_usuarioadminstracion" ("user_id") DEFERRABLE INITIALLY DEFERRED, "logo" varchar(100) NOT NULL, "imagen_cabecera" varchar(100) NULL, "color_primario" varchar(7) NOT NULL, "color_secundario" varchar(7) NOT NULL, "color_body" varchar(7) NOT NULL, "direccion" varchar(200) NULL, "horario_apertura" time NULL, "horario_cierre" time NULL, "descripcion" text NULL, "redes_sociales" text NULL CHECK ((JSON_VALID("redes_sociales") OR "redes_sociales" IS NULL)), "sitio_web" varchar(200) NULL, "otros_servicios" text NULL, "activo" bool NOT NULL, "imagen_fondo" varchar(100) NULL, "slogan" varchar(200) NULL, "promociones" text NULL, "productos_destacados" text NULL, "testimonios" text NULL, "politicas_devolucion" text NULL, "puntos_de_venta" text NULL, "eventos_especiales" text NULL, "partners" text NULL, "ultima_actualizacion" datetime NOT NULL, "rating" real NULL, "comentarios" text NULL, "idioma_preferido" varchar(50) NULL, "moneda_preferida" varchar(50) NULL, "politicas_cookies" text NULL, "color_footer" varchar(7) NOT NULL, "politicas_cookies_title" text NULL, "politicas_privacidad_resumen" text NULL, "politicas_privacidad_resumen_title" text NULL, "politicas_privacidad_title" text NULL, "politicas_privacidad" text NULL);
INSERT INTO Global_lotteryadministration VALUES(2,'user_2/logo.png','user_2/cabeceraheader.png','#000000','#ffffff','#ffffff',NULL,NULL,NULL,NULL,NULL,NULL,NULL,1,'',NULL,NULL,NULL,NULL,NULL,NULL,NULL,NULL,'2024-02-28 00:23:22.774302',NULL,NULL,NULL,NULL,NULL,'#000000',NULL,NULL,NULL,NULL,NULL);
INSERT INTO Global_lotteryadministration VALUES(4,'user_4/donaManolita.png','','#000000','#ffffff','#ffffff',NULL,NULL,NULL,NULL,NULL,NULL,NULL,1,'',NULL,NULL,NULL,NULL,NULL,NULL,NULL,NULL,'2024-04-21 21:47:45.500436',NULL,NULL,NULL,NULL,NULL,'#000000',NULL,NULL,NULL,NULL,NULL);
INSERT INTO Global_lotteryadministration VALUES(6,'LotoFinder/static/imgs/logo.png','','#ffffff','#000000','#fffff',NULL,NULL,NULL,NULL,NULL,NULL,NULL,1,'',NULL,NULL,NULL,NULL,NULL,NULL,NULL,NULL,'2024-04-14 15:22:00.340580',NULL,NULL,NULL,NULL,NULL,'#000000',NULL,NULL,NULL,NULL,NULL);
CREATE TABLE IF NOT EXISTS "Global_order" ("id" integer NOT NULL PRIMARY KEY AUTOINCREMENT, "paypalId" varchar(200) NULL, "creado" datetime NOT NULL, "actualizado" datetime NOT NULL, "total" decimal NOT NULL, "completado" bool NOT NULL, "correoCliente" varchar(254) NULL, "calle" varchar(50) NULL, "ciudad" varchar(50) NULL, "cPostal" varchar(50) NULL, "provincia" varchar(10) NULL, "nombre" varchar(200) NULL, "apellidos" varchar(200) NULL, "pack_id" bigint NULL REFERENCES "Global_pack" ("id") DEFERRABLE INITIALLY DEFERRED, "user_id" bigint NOT NULL REFERENCES "Global_usuario" ("id") DEFERRABLE INITIALLY DEFERRED, "validado" bool NOT NULL, "fechaCreacion" date NOT NULL, "administracion_id" bigint NOT NULL REFERENCES "Global_usuarioadminstracion" ("user_id") DEFERRABLE INITIALLY DEFERRED);
INSERT INTO Global_order VALUES(19,'6WP93077X3234330J','2024-04-20 18:06:59.337895','2024-04-20 18:06:59.337895',672.1699999999999591,1,'sb-9aqto29581970@personal.example.com','calle Vilamari 76993- 17469','Albacete','02001','Albacete','John','Doe',NULL,5,0,'2024-04-20',4);
INSERT INTO Global_order VALUES(20,'0L341448CV603130E','2024-04-22 00:33:32.999773','2024-04-22 00:33:32.999773',24.78999999999999915,1,'sb-9aqto29581970@personal.example.com','calle Vilamari 76993- 17469','Albacete','02001','Albacete','John','Doe',NULL,5,0,'2024-04-22',4);
INSERT INTO Global_order VALUES(21,'6K266990BY193132G','2024-04-22 00:49:19.626400','2024-04-22 00:49:19.626400',43463.51000000000203,1,'sb-9aqto29581970@personal.example.com','calle Vilamari 76993- 17469','Albacete','02001','Albacete','John','Doe',NULL,5,0,'2024-04-22',4);
INSERT INTO Global_order VALUES(22,'847697976D265630V','2024-04-22 01:33:16.723282','2024-04-22 04:24:35.296525',1650.3599999999999,1,'sb-9aqto29581970@personal.example.com','calle Vilamari 76993- 17469','Albacete','02001','Albacete','John','Doe',NULL,5,1,'2024-04-22',4);
INSERT INTO Global_order VALUES(23,'99C09199X7108290L','2024-04-22 01:53:51.277898','2024-04-22 01:53:51.277898',24.78999999999999915,1,'sb-9aqto29581970@personal.example.com','calle Vilamari 76993- 17469','Albacete','02001','Albacete','John','Doe',NULL,5,0,'2024-04-22',4);
INSERT INTO Global_order VALUES(24,'00V0447830187021C','2024-04-22 02:03:39.338694','2024-04-22 04:24:02.749776',14550.52000000000043,1,'sb-9aqto29581970@personal.example.com','calle Vilamari 76993- 17469','Albacete','02001','Albacete','John','Doe',NULL,5,1,'2024-04-22',4);
CREATE TABLE IF NOT EXISTS "Global_usuario" ("id" integer NOT NULL PRIMARY KEY AUTOINCREMENT, "password" varchar(128) NOT NULL, "last_login" datetime NULL, "email" varchar(254) NOT NULL UNIQUE, "username" varchar(100) NOT NULL UNIQUE, "dni" varchar(50) NULL, "calle" varchar(50) NULL, "ciudad" varchar(50) NULL, "cPostal" varchar(50) NULL, "provincia" varchar(10) NULL, "nombre" varchar(200) NULL, "apellidos" varchar(200) NULL, "imagen" varchar(200) NULL, "is_active" bool NOT NULL, "is_staff" bool NOT NULL, "is_superuser" bool NOT NULL, "is_administracion" bool NOT NULL, "is_nomalUser" bool NOT NULL, "telefono" integer NULL UNIQUE, "starter" bool NOT NULL, "date_joined" date NOT NULL, "paypalMail" varchar(254) NULL);
INSERT INTO Global_usuario VALUES(1,'pbkdf2_sha256$720000$ywg7OOMfmS3uZWAYXtq5RN$6kdkAZRAXfSuI17ZhCjfng0xgHoEbXpJ3zIpWeLcW38=','2024-04-21 23:37:09.828778','s@gmail.com','admin',NULL,'',NULL,NULL,NULL,NULL,NULL,'',1,1,1,0,0,654987564,0,'2024-04-17',NULL);
INSERT INTO Global_usuario VALUES(2,'pbkdf2_sha256$720000$nuQln1rzCUEKLXsleD01Tm$wF67xxkqbNUhnPMFow4u2S4ecJFM8JbbUvxmfJM2sN0=','2024-03-30 03:23:42.519608','sgarcia263@gmail.com','samuel',NULL,'venus 2','Torre Pacheco','30593','MU',NULL,NULL,'',1,0,0,1,0,697276001,0,'2024-04-16',NULL);
INSERT INTO Global_usuario VALUES(3,'pbkdf2_sha256$720000$wDvbhcGgegR25Ros5oYzVv$cNB3Gac6r+5W1bjQgu93tbUti17WkrUIIyujhdklBa0=','2024-03-30 03:19:58.703627','samuelgarciamapriv@gmail.com','samuelgmar',NULL,NULL,NULL,NULL,'MU','samuel','garcia martinez','',1,0,0,0,1,697276002,0,'2024-04-15',NULL);
INSERT INTO Global_usuario VALUES(4,'pbkdf2_sha256$720000$kC8h8RzhlWqd7owYR8QnyP$VEunwiGCcozNnfKtlMNf4Sxo9g0iKLGPAUzARYrQYPU=','2024-04-22 04:57:47.843283','sgarciasgarcia263@gmail.com','admsam','54353463-B','fsgdfg','murcia','56344','BU','fasdf','asdfa','perfil/coca-cola-vs-pepsi_F41i9XC.webp',1,0,0,1,0,697276003,1,'2024-04-14','sb-i4vql29127335@business.example.com');
INSERT INTO Global_usuario VALUES(5,'pbkdf2_sha256$720000$MKnHCkdWsWw40Fz2qqLCjX$1wcWc0IdRXNJCTLy6jy+MUqcNPvF4EyR6nuCUSOl5a8=','2024-04-22 00:29:16.213726','sgarciasgarcia2634@gmail.com','samuelclient','77854263-E','venus 2','Murcia','30592','HU','samu','samu','',1,0,0,0,1,654987321,0,'2024-04-18',NULL);
INSERT INTO Global_usuario VALUES(6,'pbkdf2_sha256$720000$TSaOViRNOX3DmvHN4x7SyE$82Y648HpGd7i4kM+DufsmdEXrOk1UW8SssvaJDR9W8c=','2024-04-14 15:22:00.350600','samuellll@gmail.com','samuellll',NULL,'',NULL,NULL,NULL,NULL,NULL,'',1,0,0,1,0,697276004,0,'2024-04-12',NULL);
CREATE TABLE IF NOT EXISTS "Global_cart" ("id" integer NOT NULL PRIMARY KEY AUTOINCREMENT, "producto_id" bigint NULL REFERENCES "Global_product" ("id") DEFERRABLE INITIALLY DEFERRED, "user_id" bigint NOT NULL REFERENCES "Global_usuario" ("id") DEFERRABLE INITIALLY DEFERRED);
CREATE TABLE IF NOT EXISTS "Global_redsocial" ("id" integer NOT NULL PRIMARY KEY AUTOINCREMENT, "nombre" varchar(100) NOT NULL, "url" varchar(200) NOT NULL, "icono" varchar(100) NOT NULL, "nombreAdministración_id" bigint NULL REFERENCES "Global_usuarioadminstracion" ("user_id") DEFERRABLE INITIALLY DEFERRED);
INSERT INTO Global_redsocial VALUES(2,'Instagram','https://www.instagram.com/','bi bi-instagram',4);
CREATE TABLE IF NOT EXISTS "Global_product" ("id" integer NOT NULL PRIMARY KEY AUTOINCREMENT, "nombre" varchar(200) NOT NULL, "juego" varchar(50) NOT NULL, "slug" varchar(200) NOT NULL, "imagen" varchar(100) NOT NULL, "descripcion" text NOT NULL, "precio" decimal NOT NULL, "disponibilidad" bool NOT NULL, "creado" datetime NOT NULL, "actualizado" datetime NOT NULL, "categoria_id" bigint NOT NULL REFERENCES "Global_category" ("id") DEFERRABLE INITIALLY DEFERRED, "administracion_id" bigint NOT NULL REFERENCES "Global_usuarioadminstracion" ("user_id") DEFERRABLE INITIALLY DEFERRED, "cantidad" integer NOT NULL, "fecha_sorteo" date NULL, "codigovalidez" varchar(200) NOT NULL);
INSERT INTO Global_product VALUES(87,'12345','Loteria Nacional Jueves','12345_Lotería_Nacional_Jueves','','kjfkj',45,1,'2024-04-18 16:27:01.036295','2024-04-21 18:03:59.195755',8,4,1,'2024-04-25','');
INSERT INTO Global_product VALUES(154,'LNJ','Loteria Nacional Jueves','LNJ','','{"csrfmiddlewaretoken": "ktVyAD9NKkc3zSMK9ibKui0e857ZGW7mEYhlg4U2PazcUQtqwkPcJtRx4uyEk8g4", "cantidad": "1", "sorteo": "LNJ", "precio": "45,00", "fecha": "25 de abril de 2024", "variable": "12345"}',45,1,'2024-04-20 17:38:14.660622','2024-04-20 17:38:14.665105',11,4,1,'2024-04-25','');
INSERT INTO Global_product VALUES(155,'eurodreams','Eurodreams','eurodreams','','{"csrfmiddlewaretoken": "ts2NE0mswmIoUpb5tUfaokuOVRmNXHFqNXoAkr7HBc5xfnSLQWTCDvl7RgNsBTO8", "dia": "Lunes", "mode": "Multiple", "sorteo": "eurodreams", "precio": "87.50 \u20ac", "variable": "{\"numerosSeleccionados\":[[18,9,7,39,30]],\"sue\u00f1osSeleccionados\":[2],\"grupoMultiple\":[\"18\",\"9\",\"7\",\"39\",\"30\",99,99,99,99,99],\"multipleSue\u00f1o\":[\"2\"]}"}',87.5,1,'2024-04-20 17:38:22.670071','2024-04-20 17:38:22.674072',1,4,1,NULL,'');
INSERT INTO Global_product VALUES(156,'primitiva','Primitiva','primitiva','','{"csrfmiddlewaretoken": "xZFA6HvwJ5szz9eu9R2PfcmHhjDBqTg8Ru1nM8gLOVPIU7VawTGhund0dI4g45pQ", "mode": "Multiple", "dia": "S\u00e1bado", "sorteo": "primitiva", "precio": "84.00 \u20ac", "variable": "{\"numerosSeleccionados\":[[7,26,16,39,25,18,35,28,23]],\"reintegro\":\"1\",\"grupoMultiple\":[\"7\",\"26\",\"16\",\"39\",\"25\",\"18\",\"35\",\"28\",\"23\",99,99],\"joker\":false}"}',84,1,'2024-04-20 17:38:30.229340','2024-04-20 17:38:30.238715',2,4,1,NULL,'');
INSERT INTO Global_product VALUES(157,'bonoloto','Bonoloto','bonoloto','','{"csrfmiddlewaretoken": "qd24NMRN2WoZLxPgAkkJkzriTz39vOLrKIoRtdC27ML86vwWXmYbzKiBPYuO90U9", "mode": "Multiple", "dia": "Lunes", "sorteo": "bonoloto", "precio": "42.00 \u20ac", "variable": "{\"numerosSeleccionados\":[],\"grupoMultiple\":[\"40\",\"2\",\"47\",\"28\",\"46\",\"2\",\"22\",\"27\",\"41\",99,99]}"}',42,1,'2024-04-20 17:38:36.514912','2024-04-20 17:38:36.524394',4,4,1,NULL,'');
INSERT INTO Global_product VALUES(158,'elgordo','El Gordo','elgordo','','{"csrfmiddlewaretoken": "13x3B29sTFBBnlyt2T1mCoTZUG1oXU7LlyTQhtUHYvYKIjf9pVFORzKiQ5s3B6gt", "mode": "Multiple", "dia": "Domingo", "sorteo": "elgordo", "precio": "189.00 \u20ac", "variable": "{\"numerosSeleccionados\":[[11,12,42,37,16,43,29,40,38]],\"clavesSeleccionados\":[8]}"}',189,1,'2024-04-20 17:38:43.443476','2024-04-20 17:38:43.448195',3,4,1,NULL,'');
INSERT INTO Global_product VALUES(159,'euromillones','Euromillón','euromillones','','{"csrfmiddlewaretoken": "X4rKHMYiCzn96C7fUoavBYBgkHEQiOJThzNxndJxHpKirAOVhqOXQ9szg65vW0SB", "dia": "Martes", "mode": "Sencilla", "sorteo": "euromillones", "precio": "7.50 \u20ac", "variable": "{\"apuestasSencillas\":[[42,8,36,9,5,11],[39,30,45,22,16,3],[12,1,18,47,8,3]],\"apuestasMultiple\":[],\"apuestasMultipleEstrellas\":[]}"}',7.5,1,'2024-04-20 17:39:17.123516','2024-04-20 17:39:17.135610',5,4,1,NULL,'');
INSERT INTO Global_product VALUES(160,'eurodreams','Eurodreams','eurodreams','','{"csrfmiddlewaretoken": "tvB76hNI8YSRJhQqdAsTWiWVM7h0XAhTN0XUMIyXdOf04fx6AC6lbtNeIwIFBMqB", "dia": "Lunes", "mode": "Multiple", "sorteo": "eurodreams", "precio": "87.50 \u20ac", "variable": "{\"numerosSeleccionados\":[[9,34,1,16,28]],\"sue\u00f1osSeleccionados\":[2],\"grupoMultiple\":[\"9\",\"34\",\"1\",\"16\",\"28\",99,99,99,99,99],\"multipleSue\u00f1o\":[\"2\"]}"}',87.5,1,'2024-04-20 17:48:18.318284','2024-04-20 17:48:18.328749',1,4,1,NULL,'');
INSERT INTO Global_product VALUES(163,'54321','Loteria Nacional Sábado','54321_Lotería_Nacional_Sábado','','gdfsg',20,1,'2024-04-21 01:51:30.574474','2024-04-22 01:53:25.526166',8,4,20,'2024-04-13','');
INSERT INTO Global_product VALUES(200,'LNS','Loteria Nacional Sábado','LNS','','{"csrfmiddlewaretoken": "53xnWb0IX0w8QzmwQJFuK9IsPcUXoOf3IrquJEcb7yFpCfCIxPzMmmjZolD8WZUI", "cantidad": "4", "sorteo": "LNS", "precio": "20,00", "fecha": "13 de abril de 2024", "id": "163", "variable": "54321"}',20,1,'2024-04-22 00:32:35.983448','2024-04-22 00:32:35.988292',12,4,4,'2024-04-13','');
INSERT INTO Global_product VALUES(201,'eurodreams','Eurodreams','eurodreams','','{"csrfmiddlewaretoken": "IYtzItASrfYX33mubFwnHL7eGqxP62SNlmmGvWMlBN7ePJCGSLqFjYILfzg0Edxs", "dia": "Lunes", "mode": "Multiple", "sorteo": "eurodreams", "precio": "87.50 \u20ac", "variable": "{\"numerosSeleccionados\":[[26,10,35,22,15]],\"sue\u00f1osSeleccionados\":[2],\"grupoMultiple\":[\"26\",\"10\",\"35\",\"22\",\"15\",99,99,99,99,99],\"multipleSue\u00f1o\":[\"2\"]}"}',87.5,1,'2024-04-22 00:48:44.785923','2024-04-22 00:48:44.797383',1,4,1,NULL,'');
INSERT INTO Global_product VALUES(202,'quiniela','Quiniela','quiniela','','{"csrfmiddlewaretoken": "4dreQ8gHA6jdZEHmBRxwWogEWA1aIIdwHBklDBsaKEsuLkXyiXrOyBRbvJKlgTSb", "mode": "\r\n            Multiple\r\n          ", "dia": "Lunes", "sorteo": "quiniela", "precio": "34.992.00 \u20ac", "variable": "{\"fullApuesta\":[[[[\"1\"],[\"1\",\"X\",\"2\"],[\"1\",\"X\",\"2\"],[\"X\",\"2\"],[\"1\",\"X\",\"2\"],[\"X\",\"2\"],[\"1\",\"X\"],[\"1\",\"X\",\"2\"],[\"X\",\"2\"],[\"1\",\"X\"],[\"X\",\"2\"],[\"1\",\"X\",\"2\"],[\"1\",\"X\",\"2\"],[\"X\"],[\"M\"],[\"1\"]],[[],[],[],[],[],[],[],[],[],[],[],[],[],[]],[[],[],[],[],[],[],[],[],[],[],[],[],[],[]],[[],[],[],[],[],[],[],[],[],[],[],[],[],[]],[[],[],[],[],[],[],[],[],[],[],[],[],[],[]],[[],[],[],[],[],[],[],[],[],[],[],[],[],[]],[[],[],[],[],[],[],[],[],[],[],[],[],[],[]],[[],[],[],[],[],[],[],[],[],[],[],[],[],[]]]],\"elige8\":[],\"equiposOrden\":[\"[Barcelona-Valencia, Alav\u00e9s-Celta, At. Madrid-Athletic Club, Real Sociedad-Real Madrid, C\u00e1diz-Mallorca, Granada-Osasuna, Villarreal-Rayo Vallecano, Betis-Sevilla, Legan\u00e9s-R. Zaragoza, Elche-Espanyol, R. Oviedo-Tenerife, Levante-Cartagena, Valladolid-Huesca, Albacete-Eibar]\",\"[Las Palmas, Girona]\"]}"}',34992,1,'2024-04-22 00:48:56.521643','2024-04-22 00:48:56.526662',6,4,1,NULL,'');
INSERT INTO Global_product VALUES(203,'primitiva','Primitiva','primitiva','','{"csrfmiddlewaretoken": "Txn87ooHXTYsQYmxZSd4Xv0awPV2KLeFwVgfURAa7r7JCECJGY7mzIBH5YEdiWTk", "mode": "Multiple", "dia": "S\u00e1bado", "sorteo": "primitiva", "precio": "84.00 \u20ac", "variable": "{\"numerosSeleccionados\":[[13,10,32,11,25,27,6,38,40]],\"reintegro\":\"0\",\"grupoMultiple\":[\"13\",\"10\",\"32\",\"11\",\"25\",\"27\",\"6\",\"38\",\"40\",99,99],\"joker\":false}"}',84,1,'2024-04-22 01:31:39.581204','2024-04-22 04:24:35.288302',2,4,1,NULL,'shsdgsdfg2');
INSERT INTO Global_product VALUES(204,'primitiva','Primitiva','primitiva','','{"csrfmiddlewaretoken": "cY2xEOdQY7bsyOOdNr6nF3c63WShHhR5PmVErhpj8FkJku4pux0FhgNDC5BsfswK", "mode": "Sencilla", "dia": "S\u00e1bado", "sorteo": "primitiva", "precio": "5.00 \u20ac", "variable": "{\"numerosSeleccionados\":[[1,15,37,19,21,25],[23,7,13,12,2,30],[7,19,36,22,8,32],[36,7,20,22,32,19]],\"reintegro\":\"7\",\"grupoMultiple\":[99,99,99,99,99,99,99,99,99,99,99],\"joker\":true}"}',5,1,'2024-04-22 01:31:47.716604','2024-04-22 04:24:35.292524',2,4,1,NULL,'shsdgsdfg2');
INSERT INTO Global_product VALUES(205,'bonoloto','Bonoloto','bonoloto','','{"csrfmiddlewaretoken": "sSWzV17EzTsjPen5srWNmNSShS3LzdNj5gPGIuj7JrBABUDh9xQ5Y0tpQ1MW7osY", "mode": "Sencilla", "dia": "Lunes", "sorteo": "bonoloto", "precio": "3.00 \u20ac", "variable": "{\"numerosSeleccionados\":[[18,28,24,10,31,35],[1,38,16,3,22,29],[39,4,16,40,5,38],[32,21,31,22,25,37],[26,6,35,40,29,8],[21,23,5,32,37,15]],\"grupoMultiple\":[99,99,99,99,99,99,99,99,99,99,99]}"}',3,1,'2024-04-22 01:31:56.733400','2024-04-22 04:24:35.244092',4,4,1,NULL,'shsdgsdfg2');
INSERT INTO Global_product VALUES(206,'bonoloto','Bonoloto','bonoloto','','{"csrfmiddlewaretoken": "2IWNwHolaIkNq8WZgitfmKpQ5xxpbA4NF6PUjaAOkgt4cOcbXonxYX0nEGgAJLJs", "mode": "Multiple", "dia": "Lunes", "sorteo": "bonoloto", "precio": "42.00 \u20ac", "variable": "{\"numerosSeleccionados\":[],\"grupoMultiple\":[\"7\",\"26\",\"35\",\"35\",\"23\",\"29\",\"34\",\"20\",\"46\",99,99]}"}',42,1,'2024-04-22 01:32:01.477327','2024-04-22 04:24:35.257038',4,4,1,NULL,'shsdgsdfg2');
INSERT INTO Global_product VALUES(207,'elgordo','El Gordo','elgordo','','{"csrfmiddlewaretoken": "rM6Kjtn1GrfKHzKLspPLgSMFSKzuEKAK4aZR6WzuQZo1tf0X9vJ3S5ncrTiFcVfp", "mode": "Sencilla", "dia": "Domingo", "sorteo": "elgordo", "precio": "6.00 \u20ac", "variable": "{\"numerosSeleccionados\":[[26,50,33,6,2,28],[5,17,51,16,42,27],[39,14,27,28,35,17],[31,9,28,1,39,36]],\"clavesSeleccionados\":[4,0,2,7]}"}',6,1,'2024-04-22 01:32:07.307637','2024-04-22 04:24:35.266038',3,4,1,NULL,'shsdgsdfg2');
INSERT INTO Global_product VALUES(208,'bonoloto','Bonoloto','bonoloto','','{"csrfmiddlewaretoken": "T1WnNowrUhcNk01HVhEU0Q2Moi6aCbK3wpPuARIU4Pl46GhTCnycC3DjXrPlampI", "mode": "Multiple", "dia": "Lunes", "sorteo": "bonoloto", "precio": "42.00 \u20ac", "variable": "{\"numerosSeleccionados\":[],\"grupoMultiple\":[\"4\",\"2\",\"13\",\"9\",\"22\",\"6\",\"43\",\"17\",\"36\",99,99]}"}',42,1,'2024-04-22 01:32:12.751433','2024-04-22 04:24:35.262040',4,4,1,NULL,'shsdgsdfg2');
INSERT INTO Global_product VALUES(209,'elgordo','El Gordo','elgordo','','{"csrfmiddlewaretoken": "Rt73WpntwFoVUHZvneMQH92taI4W1jxHuR0aJSzWGdxcGnfH4kG8jmD0JRN7zucm", "mode": "Sencilla", "dia": "Domingo", "sorteo": "elgordo", "precio": "6.00 \u20ac", "variable": "{\"numerosSeleccionados\":[[29,24,22,41,7,33],[5,1,35,29,54,8],[22,52,54,2,35,44],[51,25,43,28,50,37]],\"clavesSeleccionados\":[8,2,1,8]}"}',6,1,'2024-04-22 01:32:20.849625','2024-04-22 04:24:35.271039',3,4,1,NULL,'shsdgsdfg2');
INSERT INTO Global_product VALUES(210,'elgordo','El Gordo','elgordo','','{"csrfmiddlewaretoken": "MMnH1uCnyEYOjiVOHnTes84ZVkWab7qGpagOOXOQIc755Yb0otNw4lFwutFlJi5l", "mode": "Multiple", "dia": "Domingo", "sorteo": "elgordo", "precio": "189.00 \u20ac", "variable": "{\"numerosSeleccionados\":[[3,48,35,10,49,46,29,40,19]],\"clavesSeleccionados\":[8]}"}',189,1,'2024-04-22 01:32:26.825645','2024-04-22 04:24:35.275303',3,4,1,NULL,'shsdgsdfg2');
INSERT INTO Global_product VALUES(211,'euromillones','Euromillón','euromillones','','{"csrfmiddlewaretoken": "R3nomgvSjXs0LfSn2Z1CxGvGRGqZoQsEurgv9JHltvBhxV8zJ5VU9T6dqP9aW17j", "dia": "Martes", "mode": "Sencilla", "sorteo": "euromillones", "precio": "10.00 \u20ac", "variable": "{\"apuestasSencillas\":[[6,1,48,20,41,11],[30,35,6,18,47,3],[36,12,10,14,37,2],[49,26,40,9,36,7]],\"apuestasMultiple\":[],\"apuestasMultipleEstrellas\":[]}"}',10,1,'2024-04-22 01:32:48.787873','2024-04-22 04:24:35.279303',5,4,1,NULL,'shsdgsdfg2');
INSERT INTO Global_product VALUES(212,'euromillones','Euromillón','euromillones','','{"csrfmiddlewaretoken": "EJztoODz0RKGjosYKTyyPZtHqx8KIw1Ih7sAbhP2apTX54IarZsQrc4eZGRVgHGn", "dia": "Martes", "mode": "Multiple", "sorteo": "euromillones", "precio": "945.00 \u20ac", "variable": "{\"apuestasSencillas\":[],\"apuestasMultiple\":[[\"1\",\"3\",\"4\",\"8\",\"29\",\"31\",\"34\",\"37\",\"43\"]],\"apuestasMultipleEstrellas\":[[\"2\",\"3\",\"9\"]]}"}',945,1,'2024-04-22 01:32:56.432853','2024-04-22 04:24:35.284303',5,4,1,NULL,'shsdgsdfg2');
INSERT INTO Global_product VALUES(213,'LNS','Loteria Nacional Sábado','LNS','','{"csrfmiddlewaretoken": "1SDFkS10bkqBrX3XZd9NcvknNkssPh7IEgwM7ldtlSzSdDj9Gj35OIVUmtbDnsMn", "cantidad": "4", "sorteo": "LNS", "precio": "20,00", "fecha": "13 de abril de 2024", "id": "163", "variable": "54321"}',20,1,'2024-04-22 01:53:25.500071','2024-04-22 01:53:25.511515',12,4,4,'2024-04-13','');
INSERT INTO Global_product VALUES(214,'quiniela','Quiniela','quiniela','','{"csrfmiddlewaretoken": "8u1T0K3FytxvDU2zCgj6erhb0GQp3WyzLSU0Ndf8I1GMpAiLjmdoQESIzPzAB7de", "mode": "\r\n            Sencilla\r\n          ", "dia": "Lunes", "boleto_elige8": "", "sorteo": "quiniela", "precio": "17.25 \u20ac", "variable": "{\"fullApuesta\":[[[[\"2\"],[\"2\"],[\"1\"],[\"1\"],[\"2\"],[\"2\"],[\"X\"],[\"2\"],[\"1\"],[\"1\"],[\"2\"],[\"1\"],[\"2\"],[\"X\"],[\"0\"],[\"2\"]],[[\"X\"],[\"1\"],[\"1\"],[\"1\"],[\"1\"],[\"X\"],[\"2\"],[\"1\"],[\"X\"],[\"2\"],[\"2\"],[\"2\"],[\"X\"],[\"2\"]],[[\"2\"],[\"X\"],[\"1\"],[\"1\"],[\"2\"],[\"2\"],[\"2\"],[\"2\"],[\"1\"],[\"X\"],[\"X\"],[\"X\"],[\"2\"],[\"2\"]],[[\"1\"],[\"1\"],[\"1\"],[\"2\"],[\"2\"],[\"1\"],[\"X\"],[\"X\"],[\"2\"],[\"1\"],[\"X\"],[\"2\"],[\"X\"],[\"2\"]],[[\"2\"],[\"X\"],[\"1\"],[\"2\"],[\"X\"],[\"2\"],[\"X\"],[\"1\"],[\"1\"],[\"X\"],[\"X\"],[\"1\"],[\"1\"],[\"1\"]],[[],[],[],[],[],[],[],[],[],[],[],[],[],[]],[[],[],[],[],[],[],[],[],[],[],[],[],[],[]],[[],[],[],[],[],[],[],[],[],[],[],[],[],[]]]],\"elige8\":[\"At. Madrid-Athletic Club\",\"Villarreal-Rayo Vallecano\",\"Elche-Espanyol\",\"Betis-Sevilla\",\"Valladolid-Huesca\",\"Real Sociedad-Real Madrid\",\"C\u00e1diz-Mallorca\",\"Barcelona-Valencia\"],\"equiposOrden\":[\"[Barcelona-Valencia, Alav\u00e9s-Celta, At. Madrid-Athletic Club, Real Sociedad-Real Madrid, C\u00e1diz-Mallorca, Granada-Osasuna, Villarreal-Rayo Vallecano, Betis-Sevilla, Legan\u00e9s-R. Zaragoza, Elche-Espanyol, R. Oviedo-Tenerife, Levante-Cartagena, Valladolid-Huesca, Albacete-Eibar]\",\"[Las Palmas, Girona]\"]}"}',17.25,1,'2024-04-22 02:02:42.192958','2024-04-22 04:24:02.732331',6,4,1,NULL,'sdfgsdfgsdfg1');
INSERT INTO Global_product VALUES(215,'quiniela','Quiniela','quiniela','','{"csrfmiddlewaretoken": "O3CG8DL5ezQS1qaFf6M7uupwH8KovPRRrrvNV6Xyo7Z9N6qRWcGp6H03ghtz30ww", "mode": "\r\n            Multiple\r\n          ", "dia": "Lunes", "boleto_elige8": "", "sorteo": "quiniela", "precio": "11.677.50 \u20ac", "variable": "{\"fullApuesta\":[[[[\"X\",\"2\"],[\"1\",\"X\"],[\"1\",\"X\",\"2\"],[\"1\",\"X\"],[\"1\",\"2\"],[\"1\",\"X\",\"2\"],[\"1\"],[\"1\",\"X\"],[\"1\",\"X\",\"2\"],[\"1\",\"X\",\"2\"],[\"1\",\"X\",\"2\"],[\"X\",\"2\"],[\"2\"],[\"1\",\"X\"],[\"0\"],[\"2\"]],[[],[],[],[],[],[],[],[],[],[],[],[],[],[]],[[],[],[],[],[],[],[],[],[],[],[],[],[],[]],[[],[],[],[],[],[],[],[],[],[],[],[],[],[]],[[],[],[],[],[],[],[],[],[],[],[],[],[],[]],[[],[],[],[],[],[],[],[],[],[],[],[],[],[]],[[],[],[],[],[],[],[],[],[],[],[],[],[],[]],[[],[],[],[],[],[],[],[],[],[],[],[],[],[]]]],\"elige8\":[\"Albacete-Eibar\",\"Elche-Espanyol\",\"Granada-Osasuna\",\"At. Madrid-Athletic Club\",\"Betis-Sevilla\",\"Legan\u00e9s-R. Zaragoza\",\"R. Oviedo-Tenerife\",\"Levante-Cartagena\"],\"equiposOrden\":[\"[Barcelona-Valencia, Alav\u00e9s-Celta, At. Madrid-Athletic Club, Real Sociedad-Real Madrid, C\u00e1diz-Mallorca, Granada-Osasuna, Villarreal-Rayo Vallecano, Betis-Sevilla, Legan\u00e9s-R. Zaragoza, Elche-Espanyol, R. Oviedo-Tenerife, Levante-Cartagena, Valladolid-Huesca, Albacete-Eibar]\",\"[Las Palmas, Girona]\"]}"}',11677.5,1,'2024-04-22 02:03:05.978935','2024-04-22 04:24:02.741777',6,4,1,NULL,'sdfgsdfgsdfg2');
INSERT INTO Global_product VALUES(216,'quinigol','Quinigol','quinigol','','{"csrfmiddlewaretoken": "ahp17sxfMjJW2NuFK5eEkUcdLprASTIoNFi8UVJIWRSdOtKRrb8WW7NKkyaLq4n3", "sorteo": "quinigol", "precio": "49.00 \u20ac", "variable": "{\"orden_partidos\":\"[Barcelona-Valencia, At. Madrid-Athletic Club, Real Sociedad-Real Madrid, C\u00e1diz-Mallorca, Villarreal-Rayo Vallecano, Betis-Sevilla]\",\"casillasMarcadasxPartido\":[[\"partido0_m2\",\"partido0_00\",\"partido0_10\",\"partido0_11\",\"partido0_12\",\"partido0_1m\",\"partido0_2m\"],[\"partido1_11\"],[\"partido2_10\"],[\"partido3_11\"],[\"partido4_10\",\"partido4_1m\",\"partido4_12\",\"partido4_21\",\"partido4_m0\",\"partido4_mm\",\"partido4_01\"],[\"partido5_11\"]]}"}',49,1,'2024-04-22 02:03:22.153600','2024-04-22 04:24:02.745777',7,4,1,NULL,'shsdgsdfg2');
DELETE FROM sqlite_sequence;
INSERT INTO sqlite_sequence VALUES('django_migrations',43);
INSERT INTO sqlite_sequence VALUES('django_content_type',20);
INSERT INTO sqlite_sequence VALUES('auth_permission',80);
INSERT INTO sqlite_sequence VALUES('auth_group',0);
INSERT INTO sqlite_sequence VALUES('django_admin_log',212);
INSERT INTO sqlite_sequence VALUES('Global_category',12);
INSERT INTO sqlite_sequence VALUES('Global_pack',1);
INSERT INTO sqlite_sequence VALUES('Global_order_productos',77);
INSERT INTO sqlite_sequence VALUES('Global_sliderimage',6);
INSERT INTO sqlite_sequence VALUES('Global_contactous',14);
INSERT INTO sqlite_sequence VALUES('cookie_consent_cookie',0);
INSERT INTO sqlite_sequence VALUES('Global_order',24);
INSERT INTO sqlite_sequence VALUES('Global_usuario',6);
INSERT INTO sqlite_sequence VALUES('Global_cart',111);
INSERT INTO sqlite_sequence VALUES('Global_redsocial',2);
INSERT INTO sqlite_sequence VALUES('Global_product',216);
CREATE UNIQUE INDEX "django_content_type_app_label_model_76bd3d3b_uniq" ON "django_content_type" ("app_label", "model");
CREATE UNIQUE INDEX "auth_group_permissions_group_id_permission_id_0cd325b0_uniq" ON "auth_group_permissions" ("group_id", "permission_id");
CREATE INDEX "auth_group_permissions_group_id_b120cbf9" ON "auth_group_permissions" ("group_id");
CREATE INDEX "auth_group_permissions_permission_id_84c5c92e" ON "auth_group_permissions" ("permission_id");
CREATE UNIQUE INDEX "auth_permission_content_type_id_codename_01ab375a_uniq" ON "auth_permission" ("content_type_id", "codename");
CREATE INDEX "auth_permission_content_type_id_2f476e4b" ON "auth_permission" ("content_type_id");
CREATE INDEX "Global_category_nombre_fcb078d3" ON "Global_category" ("nombre");
CREATE UNIQUE INDEX "Global_usuario_groups_usuario_id_group_id_3c188db3_uniq" ON "Global_usuario_groups" ("usuario_id", "group_id");
CREATE INDEX "Global_usuario_groups_usuario_id_72027046" ON "Global_usuario_groups" ("usuario_id");
CREATE INDEX "Global_usuario_groups_group_id_e76f1357" ON "Global_usuario_groups" ("group_id");
CREATE UNIQUE INDEX "Global_usuario_user_permissions_usuario_id_permission_id_d61ca984_uniq" ON "Global_usuario_user_permissions" ("usuario_id", "permission_id");
CREATE INDEX "Global_usuario_user_permissions_usuario_id_bad1b3e9" ON "Global_usuario_user_permissions" ("usuario_id");
CREATE INDEX "Global_usuario_user_permissions_permission_id_623bb3d5" ON "Global_usuario_user_permissions" ("permission_id");
CREATE INDEX "Global_pack_nombre_f49ed7fa" ON "Global_pack" ("nombre");
CREATE INDEX "Global_pack_slug_726929de" ON "Global_pack" ("slug");
CREATE INDEX "Global_pack_id_slug_24c0329d_idx" ON "Global_pack" ("id", "slug");
CREATE INDEX "Global_usuarioadminstracion_pack_id_3f7fe3b3" ON "Global_usuarioadminstracion" ("pack_id");
CREATE UNIQUE INDEX "Global_order_productos_order_id_product_id_58dcbe98_uniq" ON "Global_order_productos" ("order_id", "product_id");
CREATE INDEX "Global_order_productos_order_id_f84fac20" ON "Global_order_productos" ("order_id");
CREATE INDEX "Global_order_productos_product_id_3c24d22f" ON "Global_order_productos" ("product_id");
CREATE INDEX "Cliente_usuarionormal_administracion_id_d5d16e6c" ON "Cliente_usuarionormal" ("administracion_id");
CREATE INDEX "django_admin_log_content_type_id_c4bce8eb" ON "django_admin_log" ("content_type_id");
CREATE INDEX "django_admin_log_user_id_c564eba6" ON "django_admin_log" ("user_id");
CREATE INDEX "django_session_expire_date_a5c62663" ON "django_session" ("expire_date");
CREATE INDEX "Global_sliderimage_nombreAdministración_id_75a47b91" ON "Global_sliderimage" ("nombreAdministración_id");
CREATE INDEX "Global_contactous_nombreAdministración_id_98db8bd2" ON "Global_contactous" ("nombreAdministración_id");
CREATE INDEX "cookie_consent_cookie_cookiegroup_id_96c0ab4b" ON "cookie_consent_cookie" ("cookiegroup_id");
CREATE INDEX "cookie_consent_logitem_cookiegroup_id_3bfbe953" ON "cookie_consent_logitem" ("cookiegroup_id");
CREATE INDEX "Global_order_pack_id_981f291a" ON "Global_order" ("pack_id");
CREATE INDEX "Global_order_user_id_c4862595" ON "Global_order" ("user_id");
CREATE INDEX "Global_order_administracion_id_860edafc" ON "Global_order" ("administracion_id");
CREATE INDEX "Global_cart_producto_id_e348112e" ON "Global_cart" ("producto_id");
CREATE INDEX "Global_cart_user_id_f5daeeed" ON "Global_cart" ("user_id");
CREATE INDEX "Global_redsocial_nombreAdministración_id_2621b8cb" ON "Global_redsocial" ("nombreAdministración_id");
CREATE INDEX "Global_product_nombre_f6595988" ON "Global_product" ("nombre");
CREATE INDEX "Global_product_slug_e28d72d4" ON "Global_product" ("slug");
CREATE INDEX "Global_product_categoria_id_e0face4a" ON "Global_product" ("categoria_id");
CREATE INDEX "Global_product_administracion_id_02f3eb6e" ON "Global_product" ("administracion_id");
CREATE INDEX "Global_product_id_slug_2cd0738f_idx" ON "Global_product" ("id", "slug");
COMMIT;
